geoid,name,B08126001 - Total:,"B08126001 - Total:, Error","B08126002 - Agriculture, forestry, fishing and hunting, and mining","B08126002 - Agriculture, forestry, fishing and hunting, and mining, Error",B08126003 - Construction,"B08126003 - Construction, Error",B08126004 - Manufacturing,"B08126004 - Manufacturing, Error",B08126005 - Wholesale trade,"B08126005 - Wholesale trade, Error",B08126006 - Retail trade,"B08126006 - Retail trade, Error","B08126007 - Transportation and warehousing, and utilities","B08126007 - Transportation and warehousing, and utilities, Error",B08126008 - Information,"B08126008 - Information, Error","B08126009 - Finance and insurance, and real estate and rental and leasing","B08126009 - Finance and insurance, and real estate and rental and leasing, Error","B08126010 - Professional, scientific, and management, and administrative and waste management services","B08126010 - Professional, scientific, and management, and administrative and waste management services, Error","B08126011 - Educational services, and health care and social assistance","B08126011 - Educational services, and health care and social assistance, Error","B08126012 - Arts, entertainment, and recreation, and accommodation and food services","B08126012 - Arts, entertainment, and recreation, and accommodation and food services, Error",B08126013 - Other services (except public administration),"B08126013 - Other services (except public administration), Error",B08126014 - Public administration,"B08126014 - Public administration, Error",B08126015 - Armed forces,"B08126015 - Armed forces, Error","B08126016 - Car, truck, or van - drove alone:","B08126016 - Car, truck, or van - drove alone:, Error","B08126017 - Agriculture, forestry, fishing and hunting, and mining","B08126017 - Agriculture, forestry, fishing and hunting, and mining, Error",B08126018 - Construction,"B08126018 - Construction, Error",B08126019 - Manufacturing,"B08126019 - Manufacturing, Error",B08126020 - Wholesale trade,"B08126020 - Wholesale trade, Error",B08126021 - Retail trade,"B08126021 - Retail trade, Error","B08126022 - Transportation and warehousing, and utilities","B08126022 - Transportation and warehousing, and utilities, Error",B08126023 - Information,"B08126023 - Information, Error","B08126024 - Finance and insurance, and real estate and rental and leasing","B08126024 - Finance and insurance, and real estate and rental and leasing, Error","B08126025 - Professional, scientific, and management, and administrative and waste management services","B08126025 - Professional, scientific, and management, and administrative and waste management services, Error","B08126026 - Educational services, and health care and social assistance","B08126026 - Educational services, and health care and social assistance, Error","B08126027 - Arts, entertainment, and recreation, and accommodation and food services","B08126027 - Arts, entertainment, and recreation, and accommodation and food services, Error",B08126028 - Other services (except public administration),"B08126028 - Other services (except public administration), Error",B08126029 - Public administration,"B08126029 - Public administration, Error",B08126030 - Armed forces,"B08126030 - Armed forces, Error","B08126031 - Car, truck, or van - carpooled:","B08126031 - Car, truck, or van - carpooled:, Error","B08126032 - Agriculture, forestry, fishing and hunting, and mining","B08126032 - Agriculture, forestry, fishing and hunting, and mining, Error",B08126033 - Construction,"B08126033 - Construction, Error",B08126034 - Manufacturing,"B08126034 - Manufacturing, Error",B08126035 - Wholesale trade,"B08126035 - Wholesale trade, Error",B08126036 - Retail trade,"B08126036 - Retail trade, Error","B08126037 - Transportation and warehousing, and utilities","B08126037 - Transportation and warehousing, and utilities, Error",B08126038 - Information,"B08126038 - Information, Error","B08126039 - Finance and insurance, and real estate and rental and leasing","B08126039 - Finance and insurance, and real estate and rental and leasing, Error","B08126040 - Professional, scientific, and management, and administrative and waste management services","B08126040 - Professional, scientific, and management, and administrative and waste management services, Error","B08126041 - Educational services, and health care and social assistance","B08126041 - Educational services, and health care and social assistance, Error","B08126042 - Arts, entertainment, and recreation, and accommodation and food services","B08126042 - Arts, entertainment, and recreation, and accommodation and food services, Error",B08126043 - Other services (except public administration),"B08126043 - Other services (except public administration), Error",B08126044 - Public administration,"B08126044 - Public administration, Error",B08126045 - Armed forces,"B08126045 - Armed forces, Error",B08126046 - Public transportation (excluding taxicab):,"B08126046 - Public transportation (excluding taxicab):, Error","B08126047 - Agriculture, forestry, fishing and hunting, and mining","B08126047 - Agriculture, forestry, fishing and hunting, and mining, Error",B08126048 - Construction,"B08126048 - Construction, Error",B08126049 - Manufacturing,"B08126049 - Manufacturing, Error",B08126050 - Wholesale trade,"B08126050 - Wholesale trade, Error",B08126051 - Retail trade,"B08126051 - Retail trade, Error","B08126052 - Transportation and warehousing, and utilities","B08126052 - Transportation and warehousing, and utilities, Error",B08126053 - Information,"B08126053 - Information, Error","B08126054 - Finance and insurance, and real estate and rental and leasing","B08126054 - Finance and insurance, and real estate and rental and leasing, Error","B08126055 - Professional, scientific, and management, and administrative and waste management services","B08126055 - Professional, scientific, and management, and administrative and waste management services, Error","B08126056 - Educational services, and health care and social assistance","B08126056 - Educational services, and health care and social assistance, Error","B08126057 - Arts, entertainment, and recreation, and accommodation and food services","B08126057 - Arts, entertainment, and recreation, and accommodation and food services, Error",B08126058 - Other services (except public administration),"B08126058 - Other services (except public administration), Error",B08126059 - Public administration,"B08126059 - Public administration, Error",B08126060 - Armed forces,"B08126060 - Armed forces, Error",B08126061 - Walked:,"B08126061 - Walked:, Error","B08126062 - Agriculture, forestry, fishing and hunting, and mining","B08126062 - Agriculture, forestry, fishing and hunting, and mining, Error",B08126063 - Construction,"B08126063 - Construction, Error",B08126064 - Manufacturing,"B08126064 - Manufacturing, Error",B08126065 - Wholesale trade,"B08126065 - Wholesale trade, Error",B08126066 - Retail trade,"B08126066 - Retail trade, Error","B08126067 - Transportation and warehousing, and utilities","B08126067 - Transportation and warehousing, and utilities, Error",B08126068 - Information,"B08126068 - Information, Error","B08126069 - Finance and insurance, and real estate and rental and leasing","B08126069 - Finance and insurance, and real estate and rental and leasing, Error","B08126070 - Professional, scientific, and management, and administrative and waste management services","B08126070 - Professional, scientific, and management, and administrative and waste management services, Error","B08126071 - Educational services, and health care and social assistance","B08126071 - Educational services, and health care and social assistance, Error","B08126072 - Arts, entertainment, and recreation, and accommodation and food services","B08126072 - Arts, entertainment, and recreation, and accommodation and food services, Error",B08126073 - Other services (except public administration),"B08126073 - Other services (except public administration), Error",B08126074 - Public administration,"B08126074 - Public administration, Error",B08126075 - Armed forces,"B08126075 - Armed forces, Error","B08126076 - Taxicab, motorcycle, bicycle, or other means:","B08126076 - Taxicab, motorcycle, bicycle, or other means:, Error","B08126077 - Agriculture, forestry, fishing and hunting, and mining","B08126077 - Agriculture, forestry, fishing and hunting, and mining, Error",B08126078 - Construction,"B08126078 - Construction, Error",B08126079 - Manufacturing,"B08126079 - Manufacturing, Error",B08126080 - Wholesale trade,"B08126080 - Wholesale trade, Error",B08126081 - Retail trade,"B08126081 - Retail trade, Error","B08126082 - Transportation and warehousing, and utilities","B08126082 - Transportation and warehousing, and utilities, Error",B08126083 - Information,"B08126083 - Information, Error","B08126084 - Finance and insurance, and real estate and rental and leasing","B08126084 - Finance and insurance, and real estate and rental and leasing, Error","B08126085 - Professional, scientific, and management, and administrative and waste management services","B08126085 - Professional, scientific, and management, and administrative and waste management services, Error","B08126086 - Educational services, and health care and social assistance","B08126086 - Educational services, and health care and social assistance, Error","B08126087 - Arts, entertainment, and recreation, and accommodation and food services","B08126087 - Arts, entertainment, and recreation, and accommodation and food services, Error",B08126088 - Other services (except public administration),"B08126088 - Other services (except public administration), Error",B08126089 - Public administration,"B08126089 - Public administration, Error",B08126090 - Armed forces,"B08126090 - Armed forces, Error",B08126091 - Worked at home:,"B08126091 - Worked at home:, Error","B08126092 - Agriculture, forestry, fishing and hunting, and mining","B08126092 - Agriculture, forestry, fishing and hunting, and mining, Error",B08126093 - Construction,"B08126093 - Construction, Error",B08126094 - Manufacturing,"B08126094 - Manufacturing, Error",B08126095 - Wholesale trade,"B08126095 - Wholesale trade, Error",B08126096 - Retail trade,"B08126096 - Retail trade, Error","B08126097 - Transportation and warehousing, and utilities","B08126097 - Transportation and warehousing, and utilities, Error",B08126098 - Information,"B08126098 - Information, Error","B08126099 - Finance and insurance, and real estate and rental and leasing","B08126099 - Finance and insurance, and real estate and rental and leasing, Error","B08126100 - Professional, scientific, and management, and administrative and waste management services","B08126100 - Professional, scientific, and management, and administrative and waste management services, Error","B08126101 - Educational services, and health care and social assistance","B08126101 - Educational services, and health care and social assistance, Error","B08126102 - Arts, entertainment, and recreation, and accommodation and food services","B08126102 - Arts, entertainment, and recreation, and accommodation and food services, Error",B08126103 - Other services (except public administration),"B08126103 - Other services (except public administration), Error",B08126104 - Public administration,"B08126104 - Public administration, Error",B08126105 - Armed forces,"B08126105 - Armed forces, Error"
04000US19,Iowa,1529744,4134,61331,1436,93323,1825,225360,2784,45726,1251,178428,2377,72161,1538,30359,1120,118077,2220,104038,2112,363393,3486,116047,2306,67802,1657,51272,1268,2427,369,1212302,4781,34969,959,70397,1617,183897,2500,38930,1159,150408,2147,60421,1319,24424,950,99815,2076,80898,1744,282477,2759,87105,1907,51914,1557,44669,1218,1978,325,149795,2354,4044,416,15774,808,28876,1154,3585,435,13883,727,5182,479,2394,304,10252,605,9645,608,33245,1297,12948,820,5892,553,3862,413,213,94,17387,950,76,42,350,123,1609,293,221,89,1858,373,386,138,185,63,1211,229,1243,253,7368,617,2000,328,449,161,431,145,0,23,56351,1240,4418,436,1680,214,3671,354,725,141,5960,560,1548,220,1229,209,1963,333,3004,306,18312,887,8854,682,3956,363,899,203,132,60,21997,932,901,190,1356,242,3492,442,473,118,2246,270,2641,309,455,154,564,161,1548,222,4316,392,2652,348,739,156,550,114,64,49,71912,1807,16923,766,3766,510,3815,372,1792,252,4073,363,1983,232,1672,267,4272,394,7700,568,17675,796,2488,344,4852,397,861,169,40,23
05000US19001,"Adair County, IA",3936,127,555,117,384,71,463,88,124,43,441,85,261,66,27,18,282,64,133,40,770,101,146,54,150,45,200,66,0,14,2988,152,286,74,284,60,426,85,108,41,354,69,195,58,27,18,204,55,108,36,583,100,134,50,121,41,158,68,0,14,380,78,15,15,71,28,24,13,0,14,33,26,14,15,0,14,50,28,6,6,138,46,0,14,5,6,24,19,0,14,18,18,0,14,0,14,10,14,4,6,0,14,0,14,0,14,0,14,0,14,2,3,2,5,0,14,0,14,0,14,112,54,47,35,9,15,0,14,0,14,14,12,0,14,0,14,0,14,3,4,20,14,10,15,9,12,0,14,0,14,35,26,0,14,10,10,0,14,5,8,12,12,0,14,0,14,0,14,2,3,6,9,0,14,0,14,0,14,0,14,403,102,207,81,10,14,3,4,7,11,28,26,52,40,0,14,28,22,14,15,21,17,0,14,15,17,18,19,0,14
05000US19003,"Adams County, IA",2036,95,254,61,102,32,215,61,98,49,165,41,143,39,35,18,94,38,36,18,603,96,72,29,92,41,103,42,24,31,1465,98,104,35,61,27,146,44,84,47,128,36,88,29,22,16,76,33,31,17,497,87,45,23,70,33,89,40,24,31,227,51,34,26,28,19,43,28,6,7,20,18,9,8,3,5,4,5,0,10,30,20,27,23,13,19,10,12,0,10,11,24,0,10,0,10,0,10,0,10,0,10,0,10,0,10,0,10,0,10,11,24,0,10,0,10,0,10,0,10,58,35,13,16,0,10,12,15,0,10,14,18,5,7,2,3,3,6,0,10,2,4,0,10,3,5,4,7,0,10,70,33,0,10,13,16,4,6,8,12,0,10,22,15,0,10,0,10,5,7,18,17,0,10,0,10,0,10,0,10,205,51,103,40,0,10,10,13,0,10,3,4,19,17,8,10,11,15,0,10,45,27,0,10,6,9,0,10,0,10
05000US19005,"Allamakee County, IA",6801,275,716,144,501,109,1023,172,120,59,903,156,516,144,81,43,333,97,188,58,1428,177,432,122,350,116,210,66,0,16,4976,287,333,97,335,84,743,138,89,45,663,124,428,110,53,33,278,90,148,54,1136,164,344,100,258,104,168,62,0,16,651,145,41,37,137,62,93,51,21,31,116,73,54,50,0,16,28,26,9,15,134,72,10,14,4,6,4,6,0,16,28,30,9,15,1,2,12,18,0,16,0,16,0,16,0,16,0,16,0,16,6,12,0,16,0,16,0,16,0,16,522,146,93,59,7,11,133,93,7,7,73,51,3,5,5,5,4,6,20,21,71,38,51,39,44,39,11,17,0,16,96,52,0,16,4,7,24,27,0,16,0,16,31,27,0,16,0,16,0,16,7,10,22,29,0,16,8,13,0,16,528,139,240,74,17,24,18,18,3,5,51,48,0,16,23,21,23,23,11,13,74,64,5,9,44,39,19,27,0,16
05000US19007,"Appanoose County, IA",5659,256,437,115,395,141,917,131,241,92,871,170,423,84,47,26,147,55,227,76,1210,166,461,118,127,50,153,50,3,6,4399,266,225,88,214,92,723,115,196,75,803,157,310,68,38,22,125,54,165,66,976,138,367,99,110,46,144,50,3,6,601,147,40,29,84,54,182,65,7,12,36,35,50,38,0,16,6,7,36,29,128,54,25,23,7,9,0,16,0,16,17,16,0,16,9,14,4,9,0,16,2,4,0,16,0,16,0,16,0,16,2,3,0,16,0,16,0,16,0,16,234,101,3,5,15,23,3,6,31,50,2,4,39,23,9,14,3,5,8,13,53,48,63,66,5,9,0,16,0,16,33,25,3,5,1,3,0,16,0,16,3,5,5,7,0,16,5,9,0,16,8,12,6,13,0,16,2,4,0,16,375,108,166,72,72,66,5,5,7,8,25,16,19,21,0,16,8,11,18,17,43,31,0,16,5,6,7,12,0,16
05000US19009,"Audubon County, IA",3129,115,504,103,231,65,247,61,78,27,390,84,142,38,36,21,135,55,197,66,705,87,163,41,193,73,108,39,0,14,2362,116,267,76,155,44,197,53,54,23,300,67,132,38,29,20,121,50,156,60,609,81,126,38,124,52,92,34,0,14,254,67,25,23,40,22,24,18,18,18,48,38,7,11,0,14,9,14,14,11,35,19,18,13,3,4,13,13,0,14,3,4,0,14,0,14,0,14,0,14,3,4,0,14,0,14,0,14,0,14,0,14,0,14,0,14,0,14,0,14,260,84,97,44,2,3,19,23,0,14,33,32,0,14,0,14,1,3,0,14,28,22,16,22,61,58,3,4,0,14,12,10,0,14,3,5,0,14,2,2,6,8,1,4,0,14,0,14,0,14,0,14,0,14,0,14,0,14,0,14,238,68,115,39,31,35,7,8,4,5,0,14,2,5,7,8,4,6,27,24,33,21,3,5,5,7,0,14,0,14
05000US19011,"Benton County, IA",13105,258,737,155,965,168,2371,240,532,103,1495,216,681,120,435,119,931,158,597,116,2660,233,720,154,532,104,446,107,3,4,10474,360,305,86,697,145,1893,205,442,101,1311,200,590,112,411,119,816,152,468,101,2149,216,571,137,481,98,340,97,0,18,1131,176,12,12,175,64,376,131,58,37,61,49,62,42,22,18,67,33,43,28,182,68,45,29,6,6,22,35,0,18,19,19,0,18,0,18,2,6,0,18,0,18,0,18,0,18,0,18,4,6,13,17,0,18,0,18,0,18,0,18,449,124,126,68,4,4,3,5,5,6,67,47,9,7,0,18,7,8,2,4,172,82,20,34,17,18,14,22,3,4,355,118,47,44,63,57,49,46,11,13,18,29,18,16,0,18,0,18,42,39,22,17,80,67,5,9,0,18,0,18,677,175,247,96,26,39,48,56,16,17,38,28,2,3,2,4,41,29,38,26,122,59,4,5,23,21,70,77,0,18
05000US19013,"Black Hawk County, IA",63928,769,753,187,3265,369,11154,640,1879,245,7433,556,2817,360,863,151,3910,361,4460,385,16665,797,6130,616,2996,380,1500,234,103,49,52992,844,563,171,2812,336,9502,527,1745,241,6277,526,2477,322,694,137,3504,355,3629,332,13203,662,4791,510,2390,328,1312,211,93,45,5283,526,47,62,342,125,1275,269,78,50,572,147,165,79,29,31,295,104,402,133,1091,209,590,172,328,142,69,64,0,23,385,144,0,23,2,4,25,26,0,23,136,93,0,23,0,23,10,15,29,27,56,42,108,73,12,19,7,10,0,23,3162,433,48,39,50,40,70,50,8,13,295,112,43,38,78,74,61,44,108,67,1753,403,441,152,177,98,20,31,10,18,707,190,7,11,6,10,196,121,22,25,32,27,95,64,6,9,0,23,115,89,97,64,116,59,6,10,9,15,0,23,1399,208,88,42,53,38,86,48,26,23,121,60,37,34,56,41,40,29,177,69,465,107,84,51,83,43,83,68,0,23
05000US19015,"Boone County, IA",13311,283,618,132,906,165,1254,177,398,126,1597,222,825,142,148,62,882,191,992,207,3537,283,633,163,766,136,722,135,33,29,10537,358,378,103,623,145,1013,147,366,116,1328,194,668,143,93,50,705,171,780,193,2868,249,540,145,597,119,548,114,30,29,1652,272,31,36,154,64,185,85,25,28,199,86,47,48,22,19,141,73,83,48,444,115,23,20,131,61,164,74,3,5,100,83,0,18,12,19,0,18,0,18,0,18,0,18,0,18,0,18,34,60,34,43,20,29,0,18,0,18,0,18,331,148,45,36,45,34,9,14,0,18,48,53,28,32,6,10,3,6,35,37,88,94,16,25,8,11,0,18,0,18,79,52,13,21,0,18,26,35,0,18,0,18,0,18,2,8,0,18,3,5,16,20,19,29,0,18,0,18,0,18,612,138,151,78,72,43,21,32,7,11,22,19,82,60,25,26,33,33,57,54,87,47,15,17,30,23,10,16,0,18
05000US19017,"Bremer County, IA",12475,334,543,119,634,122,2141,197,312,93,1434,213,384,92,137,66,998,146,686,119,3509,295,787,139,583,121,298,93,29,28,10132,359,244,80,532,117,1905,182,257,88,1303,200,322,85,88,40,885,136,544,113,2546,241,687,130,503,120,289,92,27,28,776,158,14,16,73,36,190,66,35,25,59,29,40,26,39,43,41,22,40,30,195,74,40,38,6,6,4,5,0,18,23,19,0,18,5,8,4,9,0,18,5,8,0,18,0,18,0,18,0,18,9,13,0,18,0,18,0,18,0,18,939,219,88,56,9,16,19,22,4,7,53,39,16,14,0,18,17,22,27,20,618,180,45,41,36,28,5,6,2,4,70,32,1,3,0,18,15,13,0,18,11,17,6,8,5,7,0,18,9,12,8,10,0,18,15,19,0,18,0,18,535,118,196,65,15,14,8,9,16,22,3,5,0,18,5,12,55,32,66,34,133,53,15,19,23,18,0,18,0,18
05000US19019,"Buchanan County, IA",10156,284,636,127,876,154,1843,192,276,74,1128,167,552,119,180,85,549,92,475,110,2251,219,498,152,587,150,304,75,1,2,7995,355,229,69,640,139,1527,175,233,72,936,155,503,110,177,84,496,91,346,97,1950,199,339,103,363,105,255,63,1,2,1135,189,38,22,203,75,262,99,29,24,53,30,9,12,0,18,32,21,83,43,201,72,95,65,97,56,33,26,0,18,17,17,0,18,0,18,4,6,0,18,8,14,0,18,0,18,0,18,0,18,5,6,0,18,0,18,0,18,0,18,376,133,148,101,30,41,30,35,2,3,22,17,19,18,3,5,3,5,0,18,35,26,27,37,45,30,12,14,0,18,96,51,0,18,3,4,8,13,6,10,28,36,17,17,0,18,2,3,0,18,9,15,23,27,0,18,0,18,0,18,537,133,221,84,0,18,12,11,6,10,81,43,4,5,0,18,16,20,46,39,51,34,14,14,82,72,4,7,0,18
05000US19021,"Buena Vista County, IA",10508,273,915,148,556,119,2762,294,308,111,1107,172,183,58,117,49,285,70,309,78,2448,239,722,159,563,129,222,73,11,11,7203,302,576,149,333,88,1747,231,183,74,876,168,146,51,76,39,250,70,225,71,1561,173,560,128,457,131,210,71,3,5,1795,268,28,16,171,83,873,246,80,72,186,96,6,9,17,19,21,20,27,24,268,76,111,66,5,6,2,4,0,18,24,19,0,18,0,18,5,6,2,5,0,18,6,9,0,18,0,18,5,13,6,10,0,18,0,18,0,18,0,18,519,145,62,30,46,39,84,73,42,61,0,18,14,12,13,15,1,2,0,18,206,105,30,24,18,19,3,5,0,18,128,50,9,8,4,6,35,31,0,18,19,23,2,4,0,18,0,18,13,17,39,26,0,18,3,5,4,6,0,18,839,139,240,70,2,5,18,16,1,2,26,23,9,15,11,16,13,17,39,29,368,91,21,20,80,60,3,5,8,10
05000US19023,"Butler County, IA",7009,185,634,110,333,59,1515,141,210,69,806,123,366,74,94,36,298,58,264,63,1713,138,257,56,325,70,186,53,8,12,5607,222,342,87,241,48,1269,137,184,60,691,119,323,68,84,34,254,55,207,53,1418,123,185,51,240,61,161,50,8,12,671,93,52,35,55,29,180,45,7,7,65,35,30,23,3,5,32,17,17,14,180,48,23,14,21,16,6,6,0,16,19,14,0,16,1,3,6,6,0,16,2,5,0,16,0,16,0,16,6,8,2,5,2,4,0,16,0,16,0,16,228,67,46,36,10,8,34,27,3,5,14,11,6,6,5,6,6,8,9,10,35,18,28,21,21,14,11,8,0,16,51,26,0,16,0,16,11,9,10,15,12,13,5,8,0,16,0,16,0,16,8,9,3,5,0,16,2,3,0,16,433,74,194,57,26,27,15,14,6,7,22,17,2,4,2,4,6,8,25,18,70,22,16,14,43,19,6,9,0,16
05000US19025,"Calhoun County, IA",4581,206,545,112,219,69,387,78,209,65,531,138,323,71,97,39,207,57,138,53,1243,152,210,80,155,47,312,86,5,7,3517,232,317,87,168,57,316,65,182,63,394,91,259,66,77,37,172,50,100,49,1030,150,174,67,103,39,220,63,5,7,470,143,30,22,35,30,39,26,24,19,95,84,25,18,12,14,20,15,0,14,92,44,5,6,14,12,79,61,0,14,40,53,0,14,0,14,7,11,0,14,0,14,0,14,0,14,0,14,0,14,15,34,18,40,0,14,0,14,0,14,160,45,33,24,0,14,25,22,3,4,27,26,1,3,7,8,7,9,0,14,34,20,0,14,17,15,6,9,0,14,69,29,13,15,0,14,0,14,0,14,1,3,32,24,1,3,1,3,0,14,14,14,0,14,0,14,7,10,0,14,325,82,152,55,16,21,0,14,0,14,14,13,6,9,0,14,7,9,38,25,58,40,13,14,21,17,0,14,0,14
05000US19027,"Carroll County, IA",10937,257,920,154,772,126,1386,187,810,149,1345,170,469,101,137,57,717,129,424,109,2454,237,808,176,368,90,327,91,0,18,8934,303,653,130,618,120,1227,166,719,147,1149,135,373,93,110,54,592,120,337,102,1985,209,641,154,250,58,280,83,0,18,719,132,30,18,61,28,128,62,47,42,55,32,9,9,22,16,61,44,27,24,200,84,41,24,26,15,12,16,0,18,8,13,0,18,0,18,5,9,1,3,1,3,0,18,0,18,1,3,0,18,0,18,0,18,0,18,0,18,0,18,416,111,17,15,65,60,23,21,18,16,49,46,23,19,0,18,12,8,32,28,87,37,65,43,12,9,13,19,0,18,120,62,0,18,0,18,0,18,13,20,0,18,25,20,0,18,5,8,15,17,14,14,36,50,0,18,12,21,0,18,740,119,220,58,28,21,3,6,12,11,91,65,39,30,5,5,46,34,13,13,168,66,25,28,80,69,10,15,0,18
05000US19029,"Cass County, IA",6745,216,549,109,533,100,776,134,120,46,1044,181,311,82,89,34,335,71,327,85,1749,207,466,128,321,77,125,52,0,16,5303,240,329,75,412,93,603,116,78,35,934,177,235,73,52,32,268,63,231,63,1516,211,289,90,244,70,112,50,0,16,632,129,55,47,87,43,101,51,12,10,47,31,25,29,10,16,37,22,26,33,88,39,97,62,34,29,13,13,0,16,35,38,0,16,0,16,6,14,9,20,0,16,0,16,0,16,0,16,0,16,18,31,2,3,0,16,0,16,0,16,253,87,0,16,16,22,27,25,2,3,9,17,4,5,24,25,30,36,10,15,53,34,62,46,16,14,0,16,0,16,137,54,0,16,0,16,0,16,19,24,34,32,26,19,3,4,0,16,20,31,19,20,16,24,0,16,0,16,0,16,385,100,165,59,18,20,39,41,0,16,20,18,21,31,0,16,0,16,40,31,55,34,0,16,27,23,0,16,0,16
05000US19031,"Cedar County, IA",9805,254,515,122,866,163,1567,199,361,100,949,144,561,96,187,63,426,94,654,142,2377,195,549,126,375,103,402,89,16,17,7716,341,268,78,610,128,1282,182,323,91,800,131,479,95,161,60,387,86,454,102,1911,196,391,99,270,85,367,84,13,16,1272,220,47,36,210,94,257,126,38,28,81,40,26,20,19,23,18,20,94,56,343,89,95,83,32,20,9,10,3,5,0,16,0,16,0,16,0,16,0,16,0,16,0,16,0,16,0,16,0,16,0,16,0,16,0,16,0,16,0,16,287,84,2,4,4,6,14,15,0,16,62,43,8,9,4,6,15,32,37,28,49,33,52,47,22,28,18,19,0,16,68,27,7,11,4,6,0,16,0,16,0,16,28,22,0,16,0,16,10,8,0,16,11,12,0,16,8,11,0,16,462,109,191,74,38,35,14,15,0,16,6,9,20,24,3,4,6,9,59,34,74,43,0,16,51,31,0,16,0,16
05000US19033,"Cerro Gordo County, IA",22722,441,481,130,1113,249,3558,322,918,205,3101,368,1161,201,386,96,1060,189,1474,257,5742,410,2013,300,1085,221,569,134,61,73,18397,556,213,75,858,215,2837,279,815,196,2658,346,979,190,288,84,917,181,1211,241,4842,409,1424,224,747,176,547,133,61,73,2144,325,76,62,145,60,501,148,65,70,137,85,77,45,66,37,40,35,107,55,420,131,323,132,177,91,10,15,0,21,263,147,0,21,40,58,46,51,13,24,79,79,0,21,11,18,0,21,0,21,60,57,14,24,0,21,0,21,0,21,800,197,35,28,20,24,103,84,4,4,116,57,37,32,20,20,13,17,17,19,188,79,197,137,40,37,10,7,0,21,313,120,0,21,44,41,32,33,5,5,85,72,3,4,0,21,8,15,33,30,38,48,52,53,11,19,2,3,0,21,805,205,157,74,6,8,39,40,16,17,26,29,65,50,1,3,82,88,106,81,194,93,3,5,110,84,0,21,0,21
05000US19035,"Cherokee County, IA",6204,242,621,119,431,97,964,205,300,85,733,160,214,78,113,69,301,104,174,62,1438,165,383,119,287,92,240,92,5,5,4924,218,333,91,377,100,786,176,250,76,581,139,165,71,52,27,272,99,167,63,1219,167,312,114,195,71,212,91,3,5,684,142,61,54,40,22,127,60,3,5,118,73,42,32,49,59,8,8,3,3,136,57,30,21,41,47,26,33,0,16,10,8,0,16,0,16,2,4,0,16,0,16,0,16,0,16,0,16,1,3,2,4,5,7,0,16,0,16,0,16,206,74,39,26,5,6,2,3,15,14,12,15,1,3,10,12,21,24,0,16,54,38,0,16,43,34,2,3,2,3,53,71,0,16,0,16,28,46,0,16,2,4,6,10,0,16,0,16,0,16,0,16,17,26,0,16,0,16,0,16,327,90,188,59,9,16,19,18,32,35,20,30,0,16,2,3,0,16,3,6,27,24,19,21,8,9,0,16,0,16
05000US19037,"Chickasaw County, IA",5927,212,574,120,428,107,1387,142,141,51,668,123,259,68,41,37,181,53,222,76,1320,144,226,61,349,87,131,44,0,16,4682,229,293,82,317,75,1190,140,122,43,617,130,192,54,28,24,144,49,180,70,1066,134,172,54,258,76,103,43,0,16,473,101,9,12,85,63,141,58,16,23,20,28,14,15,0,16,4,8,10,13,132,67,17,17,11,11,14,14,0,16,29,23,0,16,0,16,0,16,0,16,9,13,2,4,0,16,0,16,0,16,16,18,2,5,0,16,0,16,0,16,232,70,62,53,1,2,43,38,0,16,8,8,3,6,13,17,5,6,14,14,15,17,27,19,38,25,3,4,0,16,109,43,4,7,20,18,10,10,3,6,2,3,25,18,0,16,10,14,0,16,18,20,0,16,6,9,11,13,0,16,402,105,206,77,5,6,3,5,0,16,12,14,23,23,0,16,18,23,18,15,73,35,8,12,36,29,0,16,0,16
05000US19039,"Clarke County, IA",4622,264,303,98,317,125,609,159,242,92,769,194,279,96,23,41,244,88,171,80,848,167,525,174,83,49,128,52,81,129,3391,291,104,50,164,101,527,156,99,83,686,202,234,87,1,4,137,53,88,44,722,179,376,126,46,34,126,51,81,129,658,140,25,25,105,73,79,55,143,95,26,27,32,31,22,41,39,35,25,35,74,42,86,55,0,14,2,3,0,14,39,36,0,14,0,14,0,14,0,14,12,17,0,14,0,14,16,28,5,13,6,8,0,14,0,14,0,14,0,14,148,126,7,11,0,14,0,14,0,14,8,21,13,18,0,14,45,55,0,14,6,7,63,105,6,8,0,14,0,14,10,12,0,14,0,14,3,5,0,14,0,14,0,14,0,14,7,10,0,14,0,14,0,14,0,14,0,14,0,14,376,123,167,86,48,38,0,14,0,14,37,23,0,14,0,14,0,14,53,48,40,27,0,14,31,37,0,14,0,14
05000US19041,"Clay County, IA",8544,297,497,109,539,136,1188,214,374,100,1560,256,340,97,204,83,386,135,499,127,1771,239,573,167,377,142,200,106,36,43,6769,343,302,87,351,121,889,173,307,86,1387,249,276,89,106,60,311,122,400,121,1428,234,508,162,299,128,185,100,20,31,783,196,26,28,116,71,121,69,45,51,93,59,8,9,2,3,46,45,39,31,184,86,42,40,58,59,3,5,0,16,43,39,0,16,0,16,1,2,0,16,0,16,37,38,0,16,0,16,0,16,5,6,0,16,0,16,0,16,0,16,334,107,41,20,24,27,29,30,17,27,50,50,1,2,44,47,3,4,8,9,77,57,18,22,10,11,12,20,0,16,149,75,5,6,11,18,29,38,0,16,13,24,9,7,18,29,0,16,14,23,34,33,0,16,0,16,0,16,16,31,466,148,123,56,37,55,119,89,5,5,17,26,9,12,34,42,26,34,38,28,43,45,5,8,10,11,0,16,0,16
05000US19043,"Clayton County, IA",8926,214,947,147,682,107,1660,137,298,77,1040,127,417,84,130,66,312,81,529,141,1780,163,580,108,320,79,231,56,0,16,7045,230,571,116,518,93,1348,117,233,67,874,117,349,82,122,65,249,73,413,121,1510,156,448,94,220,70,190,48,0,16,775,114,41,30,138,43,235,67,12,12,91,38,14,14,0,16,21,19,62,56,96,36,14,11,29,24,22,22,0,16,42,29,0,16,0,16,0,16,0,16,0,16,0,16,0,16,0,16,0,16,19,16,20,28,3,4,0,16,0,16,399,80,43,34,8,9,30,21,15,16,31,17,10,9,0,16,15,10,43,37,97,36,76,32,31,21,0,16,0,16,67,32,0,16,0,16,11,16,0,16,4,7,30,23,5,9,0,16,5,7,3,4,0,16,4,7,5,6,0,16,598,102,292,80,18,16,36,28,38,28,40,26,14,18,3,4,27,24,6,6,55,24,22,13,33,21,14,20,0,16
05000US19045,"Clinton County, IA",23602,515,841,207,1592,230,4747,410,562,135,2801,350,1413,200,610,167,1088,196,1382,248,5269,426,1789,268,867,182,628,157,13,9,19668,600,503,152,1328,224,3962,330,494,124,2533,319,1291,199,447,159,961,188,1056,213,4428,403,1451,235,631,153,573,157,10,8,1976,307,79,93,183,72,631,173,58,44,138,71,34,24,61,54,50,37,68,49,351,112,240,102,36,38,47,38,0,21,181,90,0,21,18,31,14,23,0,21,10,13,8,12,8,12,20,24,27,30,40,42,19,30,17,28,0,21,0,21,682,154,54,44,19,18,61,46,0,21,85,67,14,19,53,72,18,19,46,40,201,92,64,49,58,35,6,7,3,4,229,99,4,5,4,7,44,37,0,21,7,11,51,31,19,29,0,21,64,60,21,32,15,22,0,21,0,21,0,21,866,144,201,75,40,38,35,37,10,17,28,21,15,19,22,21,39,27,121,64,228,87,0,21,125,74,2,3,0,21
05000US19047,"Crawford County, IA",7771,311,597,117,604,155,1647,222,213,54,879,179,399,87,82,50,349,103,239,89,1653,166,551,164,367,133,191,72,0,16,5971,280,328,90,317,87,1327,190,148,49,665,123,310,81,72,49,326,99,196,82,1383,170,440,145,296,120,163,65,0,16,1064,246,16,16,246,116,309,135,30,25,168,143,32,29,2,3,0,16,9,10,160,67,76,59,16,19,0,16,0,16,13,28,0,16,0,16,3,7,0,16,0,16,0,16,0,16,0,16,10,21,0,16,0,16,0,16,0,16,0,16,210,101,13,21,12,9,1,2,19,21,22,18,12,10,6,7,20,22,0,16,30,15,19,15,41,45,15,22,0,16,56,32,0,16,11,16,1,2,4,6,10,20,22,16,0,16,3,5,0,16,5,5,0,16,0,16,0,16,0,16,457,101,240,70,18,18,6,8,12,18,14,11,23,16,2,4,0,16,24,24,75,50,16,18,14,15,13,21,0,16
05000US19049,"Dallas County, IA",35207,693,766,150,2182,320,2939,341,1220,240,3692,429,1083,219,957,241,8019,574,3240,349,7024,524,1562,304,1203,241,1220,262,100,56,30033,740,484,112,1759,283,2416,341,1107,233,3280,389,844,193,826,226,7084,541,2742,304,6054,488,1262,265,1005,227,1077,247,93,56,2830,378,105,78,281,93,362,155,30,40,252,128,94,51,22,20,587,184,307,126,504,146,138,87,71,43,70,66,7,11,100,63,0,23,0,23,0,23,0,23,0,23,0,23,0,23,82,59,0,23,0,23,18,24,0,23,0,23,0,23,282,83,17,18,3,4,44,41,22,25,86,59,9,10,5,7,2,4,2,4,37,29,31,35,0,23,24,28,0,23,305,164,9,11,19,19,24,25,0,23,13,22,102,80,4,6,0,23,4,6,81,78,37,41,0,23,12,20,0,23,1657,274,151,73,120,78,93,57,61,46,61,40,34,35,100,79,264,114,185,73,348,153,76,85,127,90,37,35,0,23
05000US19051,"Davis County, IA",3572,189,228,91,329,97,692,119,68,37,413,153,148,56,51,37,103,45,195,77,811,141,240,88,159,66,135,67,0,14,2433,222,103,52,161,71,429,88,62,37,246,101,113,47,48,36,77,42,147,64,673,132,172,79,89,50,113,62,0,14,530,146,26,37,155,88,114,54,0,14,98,99,26,31,0,14,26,18,8,11,42,31,32,30,3,5,0,14,0,14,23,25,0,14,0,14,14,21,0,14,9,14,0,14,0,14,0,14,0,14,0,14,0,14,0,14,0,14,0,14,228,76,35,30,0,14,37,32,6,9,40,33,2,3,3,5,0,14,10,13,22,19,23,18,31,39,19,21,0,14,88,50,2,4,10,15,45,40,0,14,0,14,5,6,0,14,0,14,0,14,26,24,0,14,0,14,0,14,0,14,270,96,62,41,3,6,53,55,0,14,20,26,2,3,0,14,0,14,30,46,48,37,13,16,36,43,3,5,0,14
05000US19053,"Decatur County, IA",3762,214,392,100,265,70,321,77,88,64,417,97,186,61,51,29,100,44,142,48,1312,167,252,73,151,48,82,39,3,4,2710,191,268,82,196,65,208,59,40,28,357,83,152,54,47,29,55,30,98,39,962,156,147,48,101,42,76,35,3,4,440,96,21,15,67,35,89,41,43,52,33,31,23,23,4,6,7,12,7,10,103,39,28,25,15,13,0,14,0,14,12,23,0,14,0,14,0,14,0,14,0,14,0,14,0,14,0,14,0,14,0,14,12,23,0,14,0,14,0,14,150,57,11,10,0,14,2,6,0,14,14,14,7,8,0,14,20,20,5,6,48,36,16,15,21,19,6,10,0,14,71,53,4,7,2,3,5,8,0,14,0,14,4,4,0,14,0,14,7,9,6,9,43,45,0,14,0,14,0,14,379,97,88,46,0,14,17,19,5,7,13,12,0,14,0,14,18,19,25,18,193,75,6,11,14,10,0,14,0,14
05000US19055,"Delaware County, IA",9364,315,833,172,714,135,1947,265,276,74,1456,254,355,88,135,68,336,87,455,149,1907,216,336,99,313,83,299,100,2,3,7257,338,304,95,536,118,1693,256,238,72,1300,228,282,80,135,68,263,74,308,134,1449,207,263,91,243,87,241,92,2,3,892,171,25,23,149,66,155,60,7,9,94,64,31,28,0,16,15,20,60,42,227,89,47,47,44,54,38,33,0,16,12,13,0,16,0,16,4,10,0,16,0,16,0,16,0,16,0,16,0,16,7,8,1,3,0,16,0,16,0,16,317,107,86,64,1,2,33,26,8,7,21,20,6,9,0,16,24,28,34,50,84,52,3,4,3,3,14,22,0,16,89,49,9,10,2,4,10,14,3,4,4,6,6,7,0,16,10,18,2,4,12,21,11,19,20,27,0,16,0,16,797,165,409,142,26,21,52,43,20,20,37,51,30,30,0,16,24,24,51,45,128,62,11,14,3,7,6,7,0,16
05000US19057,"Des Moines County, IA",18450,508,381,107,1181,219,3743,371,259,82,2693,344,1061,193,292,124,578,136,838,193,3954,341,1945,338,847,195,624,147,54,46,14917,473,242,76,816,163,2930,300,200,74,2316,315,844,169,255,111,539,133,632,171,3439,330,1361,270,703,180,586,150,54,46,2152,254,39,30,215,136,599,174,42,32,244,93,136,70,19,29,0,21,91,53,281,95,409,150,58,46,19,21,0,21,131,92,0,21,0,21,82,81,0,21,0,21,0,21,0,21,0,21,11,23,31,30,0,21,7,12,0,21,0,21,384,109,34,32,69,60,63,47,0,21,29,22,29,41,0,21,0,21,70,45,29,33,23,28,25,36,13,15,0,21,427,157,0,21,60,72,34,29,14,20,71,63,52,48,0,21,9,16,0,21,43,40,138,144,0,21,6,12,0,21,439,94,66,42,21,29,35,28,3,5,33,27,0,21,18,21,30,30,34,24,131,62,14,20,54,35,0,21,0,21
05000US19059,"Dickinson County, IA",8848,266,470,106,744,182,1398,197,328,124,1183,199,438,105,139,64,432,116,411,110,1504,158,888,172,504,111,395,119,14,20,6842,307,289,88,568,165,1051,202,289,115,1014,183,346,91,131,62,369,101,275,80,1136,144,667,151,339,98,354,112,14,20,976,198,18,21,115,74,254,112,5,8,90,46,7,12,0,16,31,44,65,53,202,84,137,98,32,26,20,21,0,16,40,42,0,16,22,32,0,16,0,16,0,16,0,16,0,16,0,16,0,16,18,28,0,16,0,16,0,16,0,16,337,111,30,27,26,28,30,33,15,18,24,29,3,4,0,16,3,6,4,5,54,36,81,65,49,32,18,19,0,16,86,53,0,16,0,16,36,32,0,16,0,16,41,39,0,16,0,16,0,16,6,7,0,16,0,16,3,6,0,16,567,132,133,68,13,14,27,31,19,26,55,53,41,32,8,11,29,31,67,48,88,43,3,5,84,57,0,16,0,16
05000US19061,"Dubuque County, IA",49010,743,1042,197,2992,303,7179,470,1244,180,6207,462,1968,275,1468,233,3049,316,3278,382,12084,608,4524,457,2549,328,1384,226,42,30,39982,790,438,114,2336,238,6239,425,1076,153,5301,426,1635,234,1265,212,2760,300,2397,310,9997,537,3345,362,1916,261,1251,220,26,23,3958,301,27,20,406,127,676,155,99,55,458,127,149,79,31,24,164,74,262,77,857,192,431,141,308,140,81,49,9,15,501,219,8,13,15,18,7,14,8,18,96,73,11,16,0,23,0,23,149,191,110,86,59,47,38,39,0,23,0,23,2249,286,154,70,69,49,85,65,42,37,144,75,59,44,58,51,50,44,201,75,710,146,518,145,143,70,15,24,1,2,362,85,24,19,40,26,62,37,0,23,11,18,40,23,12,20,3,5,21,21,45,30,55,44,15,14,34,30,0,23,1958,273,391,135,126,78,110,49,19,24,197,93,74,68,102,69,72,40,248,88,365,89,116,74,129,67,3,5,6,6
05000US19063,"Emmet County, IA",5084,194,386,94,285,96,1190,166,163,87,638,111,276,81,57,31,140,43,176,69,958,152,425,128,221,57,166,64,3,6,3896,204,243,84,224,88,731,131,136,78,551,100,229,78,52,31,120,42,150,67,808,153,371,126,174,54,107,53,0,16,400,106,49,28,32,26,105,55,17,26,52,34,21,29,0,16,11,15,14,20,28,23,12,15,17,23,42,41,0,16,36,47,0,16,0,16,21,28,0,16,0,16,0,16,0,16,0,16,10,21,5,9,0,16,0,16,0,16,0,16,193,135,10,15,13,28,75,126,0,16,0,16,0,16,5,6,2,3,0,16,40,32,29,32,10,9,9,9,0,16,321,209,0,16,16,25,258,196,0,16,20,24,21,20,0,16,0,16,0,16,3,4,0,16,0,16,0,16,3,6,238,69,84,36,0,16,0,16,10,11,15,18,5,7,0,16,7,10,2,4,74,42,13,16,20,19,8,11,0,16
05000US19065,"Fayette County, IA",9609,277,818,112,644,108,1385,190,357,70,1117,190,589,136,134,44,357,78,535,134,2416,245,523,128,399,97,326,111,9,14,7255,315,465,81,436,100,1048,177,259,59,909,155,342,84,107,44,286,65,450,122,1959,199,410,100,312,92,263,104,9,14,921,181,33,24,142,57,251,95,68,46,85,88,101,69,6,5,13,10,30,37,123,61,16,15,19,18,34,27,0,18,49,64,0,18,0,18,1,2,0,18,0,18,0,18,0,18,0,18,0,18,48,64,0,18,0,18,0,18,0,18,545,110,53,36,29,24,51,62,20,24,94,51,18,18,18,16,13,16,25,25,126,41,80,59,12,10,6,6,0,18,147,81,13,12,7,11,1,3,2,3,0,18,83,68,0,18,0,18,0,18,32,26,7,7,2,3,0,18,0,18,692,134,254,77,30,24,33,26,8,9,29,25,45,53,3,4,45,39,30,20,128,82,10,16,54,28,23,18,0,18
05000US19067,"Floyd County, IA",7611,258,561,108,394,89,1572,200,221,72,951,185,372,94,57,27,354,118,465,154,1629,172,398,147,353,104,284,81,0,16,5920,305,258,80,236,71,1358,193,186,70,674,161,281,84,48,25,294,96,347,117,1364,165,362,141,273,95,239,72,0,16,788,150,54,47,99,46,162,87,10,11,180,98,15,17,7,8,20,17,68,63,110,47,2,4,26,30,35,32,0,16,29,25,0,16,0,16,0,16,0,16,0,16,0,16,2,3,0,16,0,16,24,23,0,16,3,6,0,16,0,16,340,116,51,40,2,3,18,18,12,16,78,59,22,24,0,16,37,56,45,43,47,31,21,19,7,11,0,16,0,16,148,78,29,42,36,52,4,6,2,3,15,17,37,30,0,16,0,16,0,16,13,23,0,16,2,3,10,16,0,16,386,94,169,64,21,22,30,26,11,15,4,7,17,18,0,16,3,5,5,6,71,45,13,17,42,36,0,16,0,16
05000US19069,"Franklin County, IA",5328,218,556,176,434,136,870,155,346,123,603,137,277,76,139,75,165,61,286,126,1026,159,221,76,256,89,149,54,0,16,4213,221,333,85,268,99,683,135,330,121,540,131,217,67,74,49,162,61,179,72,923,151,186,62,217,77,101,39,0,16,528,123,71,72,108,90,143,93,5,8,11,13,27,34,10,12,0,16,45,52,41,27,21,21,8,6,38,32,0,16,8,7,0,16,5,7,3,5,0,16,0,16,0,16,0,16,0,16,0,16,0,16,0,16,0,16,0,16,0,16,271,101,56,40,13,11,10,9,8,9,5,8,14,20,49,52,3,6,52,79,21,18,12,19,28,30,0,16,0,16,43,46,36,45,0,16,3,5,0,16,0,16,4,5,0,16,0,16,0,16,0,16,0,16,0,16,0,16,0,16,265,61,60,28,40,35,28,24,3,4,47,36,15,15,6,6,0,16,10,8,41,32,2,3,3,4,10,12,0,16
05000US19071,"Fremont County, IA",3514,107,271,70,236,54,559,81,83,37,405,62,209,51,37,21,141,46,116,39,966,101,123,39,174,46,192,53,2,4,2825,116,138,37,190,47,469,75,59,30,358,61,149,40,32,20,110,41,91,35,831,99,77,24,146,41,173,51,2,4,297,63,2,5,26,16,67,32,11,11,24,15,5,5,2,3,13,12,8,8,87,31,31,27,11,12,10,10,0,14,5,5,0,14,0,14,0,14,0,14,0,14,0,14,0,14,0,14,0,14,5,5,0,14,0,14,0,14,0,14,88,32,14,11,0,14,0,14,0,14,20,14,4,6,3,4,14,11,0,14,11,12,3,5,17,14,2,4,0,14,72,26,0,14,9,11,5,7,2,3,0,14,24,13,0,14,0,14,5,7,17,16,3,4,0,14,7,7,0,14,227,58,117,48,11,16,18,17,11,11,3,4,27,26,0,14,4,5,12,12,15,13,9,12,0,14,0,14,0,14
05000US19073,"Greene County, IA",4537,177,576,99,352,88,597,91,158,57,606,133,206,68,78,50,207,50,194,74,1145,134,92,53,148,52,175,64,3,8,3492,184,285,79,238,88,489,93,142,57,507,130,174,61,58,42,167,45,138,51,984,122,78,43,91,41,138,56,3,8,432,121,44,34,100,52,100,46,1,3,13,17,17,20,0,14,35,28,47,52,57,29,0,14,1,3,17,23,0,14,0,14,0,14,0,14,0,14,0,14,0,14,0,14,0,14,0,14,0,14,0,14,0,14,0,14,0,14,0,14,165,63,55,38,0,14,4,5,0,14,14,15,0,14,20,21,1,2,0,14,32,24,12,18,27,28,0,14,0,14,55,47,7,9,2,3,0,14,0,14,30,41,0,14,0,14,0,14,0,14,14,19,0,14,0,14,2,4,0,14,393,99,185,76,12,16,4,6,15,21,42,33,15,17,0,14,4,4,9,13,58,43,2,4,29,20,18,21,0,14
05000US19075,"Grundy County, IA",6137,135,599,107,519,82,953,118,224,50,703,114,298,54,68,31,319,67,330,77,1315,149,271,77,298,70,223,68,17,16,4995,147,351,87,389,75,854,109,201,47,632,110,236,47,45,29,248,57,262,71,1148,155,219,74,210,62,183,57,17,16,390,91,3,4,97,44,61,29,3,4,21,11,24,18,2,3,30,23,13,15,102,44,18,17,5,6,11,11,0,16,3,4,0,16,0,16,0,16,0,16,0,16,0,16,0,16,0,16,0,16,0,16,0,16,0,16,3,4,0,16,290,72,62,43,7,8,18,18,9,8,17,10,28,27,9,14,33,22,8,5,29,15,20,16,46,30,4,6,0,16,84,39,8,12,5,5,13,16,3,5,9,13,10,8,0,16,3,5,0,16,7,11,7,10,10,12,9,13,0,16,375,83,175,68,21,19,7,7,8,9,24,22,0,16,12,14,5,6,47,27,29,19,7,7,27,20,13,17,0,16
05000US19077,"Guthrie County, IA",5254,181,548,97,440,94,497,82,138,50,439,84,278,85,182,68,598,88,248,65,1138,154,190,60,395,107,153,41,10,12,3970,182,282,65,271,70,394,72,117,48,393,79,249,84,157,63,468,84,153,55,914,135,143,49,287,73,132,41,10,12,683,144,64,46,113,55,97,48,0,16,18,14,10,7,21,19,98,41,37,39,113,54,25,21,70,66,17,16,0,16,14,17,11,16,0,16,0,16,0,16,3,6,0,16,0,16,0,16,0,16,0,16,0,16,0,16,0,16,0,16,179,78,68,59,5,7,3,4,3,5,24,16,8,10,4,5,9,10,7,8,38,39,1,3,9,9,0,16,0,16,48,32,6,6,14,22,1,2,0,16,1,4,3,6,0,16,0,16,11,16,12,11,0,16,0,16,0,16,0,16,360,81,117,52,37,35,2,3,18,26,0,16,8,8,0,16,23,18,40,23,61,28,21,31,29,24,4,5,0,16
05000US19079,"Hamilton County, IA",7362,209,521,94,456,98,1681,207,197,61,871,191,362,100,184,83,340,96,351,115,1338,183,479,151,361,102,221,73,0,16,5879,290,357,80,387,92,1430,189,160,53,761,184,291,87,110,55,264,98,278,107,1044,164,355,120,262,89,180,65,0,16,750,201,54,44,47,34,186,92,6,10,78,59,2,3,35,41,43,41,21,15,150,84,92,98,17,18,19,17,0,16,1,3,0,16,0,16,0,16,0,16,0,16,0,16,0,16,0,16,0,16,1,3,0,16,0,16,0,16,0,16,317,98,47,32,10,12,41,37,23,25,9,10,16,21,39,52,0,16,14,11,50,44,18,31,46,33,4,5,0,16,122,73,8,15,0,16,23,24,0,16,17,23,34,52,0,16,0,16,13,19,0,16,0,16,9,14,18,30,0,16,293,87,55,24,12,10,1,2,8,12,6,6,19,17,0,16,33,33,25,23,93,59,14,23,27,25,0,16,0,16
05000US19081,"Hancock County, IA",5579,183,540,111,210,61,1457,157,266,78,544,102,369,84,46,26,272,79,184,66,1075,131,164,60,290,90,162,65,0,16,4294,203,240,76,154,53,1254,160,243,75,423,92,301,77,15,13,248,78,156,58,856,137,104,48,146,52,154,65,0,16,520,108,41,24,17,13,163,58,3,6,37,27,27,29,14,19,13,14,20,21,120,59,13,16,52,58,0,16,0,16,0,16,0,16,0,16,0,16,0,16,0,16,0,16,0,16,0,16,0,16,0,16,0,16,0,16,0,16,0,16,276,96,55,41,6,6,11,10,3,5,44,39,7,10,10,11,11,10,0,16,43,27,19,22,60,51,7,11,0,16,103,59,0,16,25,24,24,27,7,8,4,6,26,17,1,3,0,16,0,16,0,16,15,23,0,16,1,2,0,16,386,104,204,75,8,12,5,6,10,14,36,33,8,8,6,8,0,16,8,8,56,39,13,19,32,23,0,16,0,16
05000US19083,"Hardin County, IA",8060,256,832,135,578,123,1001,158,413,114,1067,161,271,79,119,41,362,89,394,108,1844,186,367,102,387,84,423,129,2,3,6373,287,584,124,457,113,832,144,367,112,902,162,219,63,94,37,321,85,288,84,1427,173,245,81,290,83,347,125,0,16,697,151,84,45,97,43,123,49,22,16,59,38,8,10,10,12,29,23,17,15,109,49,71,60,8,7,60,46,0,16,22,18,0,16,0,16,1,2,0,16,2,3,0,16,0,16,0,16,0,16,19,18,0,16,0,16,0,16,0,16,441,112,46,39,0,16,6,6,3,5,53,38,8,8,12,16,4,5,10,17,184,81,32,31,70,42,13,10,0,16,138,71,0,16,8,11,3,4,2,3,29,28,23,28,0,16,0,16,55,62,8,8,5,9,0,16,3,5,2,3,389,85,118,44,16,13,36,24,19,20,22,23,13,13,3,4,8,12,24,30,97,45,14,13,19,13,0,16,0,16
05000US19085,"Harrison County, IA",7301,213,506,102,573,110,887,157,338,82,695,140,450,93,140,54,439,76,388,97,1678,157,580,125,376,82,228,81,23,30,5651,250,374,94,381,84,702,121,293,79,537,120,396,89,120,50,299,68,290,79,1353,139,432,110,277,75,193,76,4,6,991,161,20,19,141,57,164,70,33,20,87,44,30,19,6,10,121,45,60,48,179,67,96,61,19,14,16,14,19,30,18,20,0,16,0,16,2,4,0,16,0,16,0,16,0,16,0,16,0,16,16,20,0,16,0,16,0,16,0,16,314,88,25,23,24,24,15,12,12,13,54,39,6,8,10,12,3,4,3,5,92,35,49,48,17,14,4,4,0,16,37,28,0,16,4,5,0,16,0,16,1,4,9,10,0,16,14,21,2,4,0,16,3,4,4,6,0,16,0,16,290,74,87,41,23,21,4,6,0,16,16,19,9,10,4,5,2,4,33,19,38,23,0,16,59,30,15,21,0,16
05000US19087,"Henry County, IA",9183,357,436,92,564,139,1864,251,160,66,1080,182,506,106,145,81,382,87,680,158,2184,213,522,109,352,96,289,88,19,28,7344,356,292,80,457,126,1459,245,159,65,1015,184,423,91,135,82,318,83,491,133,1703,208,413,96,230,81,249,79,0,18,882,170,38,28,75,71,273,77,0,18,18,15,24,23,0,18,40,29,93,44,225,69,58,34,26,31,12,19,0,18,45,40,0,18,0,18,17,28,1,2,0,18,0,18,0,18,0,18,0,18,18,22,9,13,0,18,0,18,0,18,336,99,15,13,13,11,23,22,0,18,26,18,20,21,0,18,5,7,30,36,63,47,41,33,73,49,8,10,19,28,91,71,8,10,0,18,49,69,0,18,3,5,4,7,0,18,0,18,0,18,14,13,0,18,0,18,13,13,0,18,485,129,83,40,19,21,43,32,0,18,18,26,35,37,10,11,19,18,66,50,161,80,1,3,23,20,7,9,0,18
05000US19089,"Howard County, IA",4784,171,510,125,272,83,1089,153,201,82,572,130,151,63,32,27,254,78,94,40,979,134,205,61,288,80,132,55,5,9,3766,166,257,75,191,70,894,140,180,80,481,124,105,49,32,27,238,75,92,40,801,115,183,60,185,66,122,55,5,9,410,95,22,25,59,41,149,63,0,14,74,39,8,10,0,14,7,10,0,14,83,59,1,3,3,5,4,6,0,14,34,32,0,14,7,10,0,14,0,14,0,14,0,14,0,14,0,14,0,14,14,11,13,28,0,14,0,14,0,14,135,57,19,21,3,5,4,6,3,6,2,5,4,7,0,14,9,14,0,14,28,22,6,9,51,38,6,9,0,14,43,30,2,4,5,9,3,5,0,14,4,6,12,18,0,14,0,14,2,3,7,15,2,4,6,9,0,14,0,14,396,121,210,87,7,10,39,35,18,27,11,10,22,29,0,14,0,14,0,14,46,24,0,14,43,26,0,14,0,14
05000US19091,"Humboldt County, IA",4769,119,451,83,359,92,951,132,170,57,549,100,228,68,68,44,155,50,193,62,1115,165,208,69,225,57,92,38,5,7,3869,160,241,63,258,71,795,121,142,55,474,99,168,59,68,44,148,49,132,46,983,158,168,61,198,57,89,38,5,7,405,106,40,43,71,45,89,43,17,17,34,25,10,8,0,14,7,9,47,38,66,47,10,10,14,13,0,14,0,14,20,14,0,14,0,14,10,10,0,14,0,14,0,14,0,14,0,14,1,4,6,6,3,5,0,14,0,14,0,14,204,66,53,46,24,32,26,33,9,9,31,26,16,17,0,14,0,14,11,9,1,3,22,22,9,11,2,3,0,14,74,38,2,4,0,14,9,12,2,3,7,7,17,15,0,14,0,14,0,14,34,38,3,4,0,14,0,14,0,14,197,63,115,46,6,7,22,26,0,14,3,3,17,16,0,14,0,14,2,3,25,24,2,2,4,5,1,2,0,14
05000US19093,"Ida County, IA",3487,147,397,91,204,56,668,97,65,28,346,72,236,71,30,21,175,55,158,54,746,96,197,69,155,52,110,43,0,14,2799,152,290,75,164,50,589,94,51,25,270,65,224,69,30,21,125,39,120,43,597,86,147,53,94,37,98,38,0,14,212,65,29,33,24,19,47,26,10,14,19,18,4,5,0,14,3,5,1,4,61,28,6,8,8,9,0,14,0,14,42,36,0,14,0,14,0,14,0,14,0,14,0,14,0,14,4,6,0,14,38,36,0,14,0,14,0,14,0,14,165,56,7,7,16,15,16,19,4,5,44,27,5,5,0,14,14,13,0,14,11,10,4,5,44,34,0,14,0,14,42,23,0,14,0,14,12,10,0,14,6,9,3,4,0,14,0,14,3,4,6,7,12,17,0,14,0,14,0,14,227,86,71,27,0,14,4,6,0,14,7,8,0,14,0,14,29,36,34,33,33,25,28,42,9,8,12,19,0,14
05000US19095,"Iowa County, IA",8606,235,647,140,556,133,1652,205,262,79,1011,159,411,104,145,55,226,77,364,84,2300,231,531,145,358,91,143,57,0,16,6336,279,358,104,404,120,1266,167,232,75,922,159,376,94,109,42,202,76,241,71,1475,158,378,112,265,79,108,47,0,16,1344,229,10,13,133,54,311,91,10,12,61,46,0,16,6,11,24,22,54,35,646,196,39,30,38,32,12,11,0,16,20,20,0,16,0,16,8,13,0,16,0,16,0,16,0,16,0,16,0,16,7,11,5,7,0,16,0,16,0,16,367,111,66,60,7,8,39,35,13,20,28,29,8,12,7,10,0,16,0,16,79,52,91,68,12,11,17,24,0,16,49,28,0,16,3,4,6,10,0,16,0,16,0,16,0,16,0,16,0,16,30,26,0,16,4,6,6,8,0,16,490,127,213,84,9,13,22,22,7,11,0,16,27,27,23,34,0,16,69,57,63,28,18,26,39,28,0,16,0,16
05000US19097,"Jackson County, IA",9839,246,659,134,762,128,1782,186,365,115,1345,186,836,144,148,52,494,101,358,93,1807,180,694,170,379,84,210,74,0,16,7795,263,366,94,471,107,1507,168,296,101,1093,183,686,126,92,38,399,88,305,81,1489,157,622,166,282,75,187,72,0,16,1100,160,36,25,186,76,207,57,65,40,152,64,62,36,25,34,76,43,40,39,178,73,39,26,19,21,15,18,0,16,55,32,0,16,0,16,0,16,0,16,17,19,20,25,0,16,0,16,0,16,18,16,0,16,0,16,0,16,0,16,370,85,64,49,53,40,35,25,4,5,38,22,33,22,31,18,13,15,3,5,48,26,19,14,21,19,8,11,0,16,67,33,15,18,3,5,5,6,0,16,14,19,18,16,0,16,0,16,0,16,0,16,12,12,0,16,0,16,0,16,452,85,178,58,49,41,28,26,0,16,31,26,17,17,0,16,6,9,10,12,74,30,2,3,57,37,0,16,0,16
05000US19099,"Jasper County, IA",16884,463,650,153,1042,160,2724,280,727,179,2060,276,762,128,409,125,1313,167,1076,207,3297,273,1191,257,918,188,706,178,9,10,13415,513,273,108,839,136,2081,237,670,179,1868,279,668,130,306,111,1032,158,811,173,2769,263,807,237,618,167,664,171,9,10,1886,241,54,50,113,53,499,153,34,28,101,65,51,33,49,35,248,73,135,86,291,101,158,97,113,47,40,29,0,21,49,43,1,3,0,21,15,19,0,21,10,16,0,21,0,21,0,21,0,21,6,9,15,24,2,4,0,21,0,21,443,146,33,29,16,17,36,34,3,4,59,39,13,15,6,9,11,11,3,6,69,56,141,110,53,40,0,21,0,21,287,116,65,53,12,16,29,32,5,8,16,22,30,25,8,10,9,9,19,24,17,22,37,35,40,67,0,21,0,21,804,153,224,74,62,50,64,40,15,17,6,8,0,21,40,35,13,10,108,52,145,67,33,37,92,59,2,3,0,21
05000US19101,"Jefferson County, IA",8055,403,407,110,461,131,952,177,257,101,910,166,295,120,141,81,832,210,699,179,1730,297,592,173,544,192,235,96,0,16,5505,398,239,86,291,112,731,179,185,96,669,147,242,106,87,54,664,206,407,115,1177,221,359,124,250,100,204,92,0,16,849,201,46,37,79,60,119,61,24,42,59,49,22,34,17,30,105,83,29,29,174,89,105,79,45,58,25,28,0,16,43,35,0,16,0,16,22,24,0,16,9,15,0,16,0,16,0,16,0,16,12,18,0,16,0,16,0,16,0,16,492,225,13,20,28,32,35,53,15,23,59,60,1,3,11,18,14,22,4,6,84,50,85,84,137,152,6,10,0,16,217,112,9,13,0,16,16,21,0,16,7,12,26,34,0,16,0,16,74,83,43,48,32,33,10,16,0,16,0,16,949,230,100,50,63,61,29,20,33,30,107,83,4,6,26,46,49,49,185,84,240,161,11,12,102,71,0,16,0,16
05000US19103,"Johnson County, IA",72989,1099,848,202,3030,436,5866,539,1524,344,7133,620,2422,326,1429,247,3660,388,5562,535,29784,1033,7717,704,2441,346,1494,296,79,93,48704,1349,358,125,2331,361,4525,491,1158,271,5192,487,1848,285,938,209,3015,350,3782,394,17977,774,4565,547,1762,370,1188,271,65,88,7691,598,52,45,438,200,596,185,241,180,534,169,196,102,132,79,301,102,527,252,3533,447,822,234,201,107,118,97,0,23,4602,484,0,23,11,18,190,99,50,47,262,136,96,74,52,36,89,72,166,75,3193,361,331,111,113,100,49,32,0,23,6770,681,114,82,75,57,286,118,0,23,771,252,48,44,85,52,122,71,457,177,3153,449,1428,329,165,105,52,37,14,27,2620,363,9,16,22,27,130,85,12,19,221,106,215,129,145,88,11,14,128,78,1260,218,289,136,116,77,62,39,0,23,2602,329,315,133,153,83,139,68,63,65,153,63,19,25,77,47,122,61,502,137,668,170,282,124,84,39,25,26,0,23
05000US19105,"Jones County, IA",9788,353,691,121,856,162,1694,214,248,85,1108,145,558,125,195,77,428,90,597,117,2033,181,588,139,470,135,320,80,2,3,7995,372,335,89,716,148,1330,194,205,82,977,141,526,124,149,74,388,84,513,114,1732,172,493,133,367,121,264,66,0,18,916,188,44,32,108,74,285,119,20,22,76,48,4,7,11,17,31,26,42,39,184,69,42,30,25,26,42,32,2,3,11,17,0,18,0,18,0,18,10,17,0,18,0,18,0,18,0,18,0,18,0,18,1,2,0,18,0,18,0,18,215,62,24,27,25,23,16,18,11,16,51,46,3,4,3,5,9,8,9,13,12,12,22,19,16,19,14,19,0,18,98,51,0,18,0,18,33,26,0,18,0,18,25,24,0,18,0,18,0,18,40,32,0,18,0,18,0,18,0,18,553,127,288,95,7,12,30,24,2,3,4,6,0,18,32,27,0,18,33,25,65,42,30,25,62,43,0,18,0,18
05000US19107,"Keokuk County, IA",4918,148,461,74,392,79,932,112,163,39,508,99,185,58,58,27,185,50,166,41,1267,115,172,37,255,64,174,53,0,16,3660,182,292,58,220,52,648,101,143,37,444,93,158,57,40,22,153,48,120,35,992,104,151,31,157,48,142,39,0,16,803,113,42,23,142,53,258,70,11,10,33,23,0,16,10,10,22,16,24,17,210,65,13,17,26,16,12,16,0,16,3,4,0,16,1,3,0,16,0,16,0,16,0,16,0,16,0,16,0,16,0,16,2,4,0,16,0,16,0,16,117,37,9,11,3,4,3,4,3,6,16,12,15,15,4,4,5,6,7,11,21,15,6,6,24,17,1,2,0,16,36,18,0,16,2,3,8,8,0,16,0,16,12,12,0,16,5,6,4,6,5,6,0,16,0,16,0,16,0,16,299,77,118,51,24,15,15,12,6,9,15,14,0,16,4,6,0,16,11,13,39,25,0,16,48,20,19,23,0,16
05000US19109,"Kossuth County, IA",7807,192,1010,124,375,82,1159,127,255,72,835,122,406,67,101,42,465,90,295,79,1952,168,385,113,361,68,208,66,0,16,6128,226,624,104,265,68,932,125,199,66,687,108,341,61,82,41,433,88,249,76,1531,154,317,100,276,59,192,62,0,16,804,155,108,61,70,39,185,72,24,26,87,47,5,5,2,3,8,7,11,8,243,79,31,25,14,14,16,13,0,16,51,68,0,16,0,16,0,16,0,16,14,20,0,16,2,3,0,16,0,16,25,34,0,16,10,15,0,16,0,16,244,60,49,25,8,8,22,14,8,7,14,18,25,21,7,8,7,8,3,4,47,33,26,22,28,18,0,16,0,16,97,40,12,10,5,7,3,6,0,16,0,16,24,17,0,16,2,5,5,7,44,33,0,16,2,3,0,16,0,16,483,94,217,53,27,20,17,19,24,27,33,23,11,10,8,10,15,15,27,16,62,30,11,11,31,31,0,16,0,16
05000US19111,"Lee County, IA",16142,401,460,110,1056,186,3756,300,288,101,1940,234,980,159,248,114,539,138,785,209,3177,257,1380,236,672,148,836,151,25,25,13558,407,271,74,897,179,3243,282,227,74,1718,223,793,136,157,71,496,138,650,197,2782,263,1085,193,451,103,778,151,10,16,1347,221,60,38,126,64,377,117,7,13,165,73,146,86,73,94,5,9,60,50,173,72,105,63,32,28,14,14,4,6,19,34,0,21,0,21,14,30,0,21,1,4,0,21,0,21,0,21,0,21,0,21,2,16,2,3,0,21,0,21,531,143,31,28,13,20,38,47,0,21,37,32,0,21,0,21,17,16,0,21,98,55,188,96,87,77,21,25,1,3,163,63,0,21,20,23,50,31,0,21,4,8,29,19,0,21,11,16,9,15,17,26,0,21,11,17,4,6,8,16,524,139,98,44,0,21,34,46,54,57,15,15,12,13,18,23,10,13,66,42,107,53,0,21,89,59,19,20,2,4
05000US19113,"Linn County, IA",109997,1072,1089,232,6337,529,19120,860,3341,423,13745,644,5177,513,3507,374,8667,545,9943,662,23883,985,7790,574,4462,464,2820,333,116,86,90346,1328,678,202,4801,493,16437,842,2962,410,11467,674,4405,435,2860,342,7574,496,8053,578,18893,923,5971,496,3660,411,2484,315,101,82,9579,732,56,39,1027,216,1621,308,131,60,1175,244,528,256,271,87,646,170,768,167,2187,335,619,166,361,113,189,79,0,23,1179,310,0,23,24,37,238,122,21,33,224,137,16,27,12,19,19,22,231,130,114,82,220,131,36,32,24,27,0,23,3022,369,69,46,63,47,118,61,37,48,399,140,21,26,94,65,64,35,130,68,1148,202,735,204,126,68,18,17,0,23,1623,285,62,56,184,119,480,168,19,27,123,83,97,64,2,4,39,39,91,57,236,111,118,76,112,55,45,44,15,25,4248,372,224,83,238,81,226,86,171,87,357,123,110,59,268,117,325,118,670,150,1305,269,127,65,167,79,60,46,0,23
05000US19115,"Louisa County, IA",5518,188,396,100,313,68,1809,175,105,42,431,91,357,93,64,33,179,60,286,92,1017,131,228,65,175,56,158,61,0,16,4100,183,193,73,255,62,1214,145,92,39,334,74,281,70,52,29,154,48,198,81,884,129,174,57,143,53,126,59,0,16,884,131,47,29,45,26,497,108,10,11,70,31,6,8,6,9,7,8,47,32,82,40,46,24,7,7,14,14,0,16,2,4,0,16,0,16,0,16,0,16,0,16,0,16,0,16,0,16,0,16,2,4,0,16,0,16,0,16,0,16,194,69,49,39,7,10,22,19,0,16,18,18,26,33,6,9,0,16,15,16,15,14,8,10,14,15,14,19,0,16,94,44,0,16,0,16,41,37,2,3,9,12,14,16,0,16,0,16,20,20,0,16,0,16,4,8,4,6,0,16,244,81,107,62,6,9,35,28,1,2,0,16,30,25,0,16,18,28,6,10,34,26,0,16,7,11,0,16,0,16
05000US19117,"Lucas County, IA",3735,207,186,79,182,69,499,96,354,103,671,120,256,88,46,31,261,81,167,55,773,123,108,41,137,53,85,39,10,16,2887,194,91,52,139,61,351,79,276,78,546,117,232,88,35,28,204,73,112,47,623,120,89,40,113,48,66,35,10,16,469,124,0,14,39,25,126,62,68,67,92,47,9,14,0,14,30,34,16,23,79,40,8,10,0,14,2,3,0,14,33,32,0,14,0,14,8,13,0,14,0,14,0,14,0,14,0,14,14,22,11,20,0,14,0,14,0,14,0,14,87,41,5,7,4,6,6,9,0,14,19,21,0,14,0,14,12,16,10,14,15,19,4,6,12,16,0,14,0,14,57,44,12,13,0,14,0,14,4,6,0,14,10,12,0,14,0,14,13,21,7,6,2,4,9,13,0,14,0,14,202,89,78,75,0,14,8,9,6,8,14,16,5,11,11,12,15,17,2,3,38,27,5,8,3,5,17,17,0,14
05000US19119,"Lyon County, IA",5802,157,779,129,315,74,961,128,224,57,507,95,292,63,189,68,312,63,283,68,1218,129,267,74,236,52,219,61,0,16,4551,188,436,98,226,65,797,111,176,47,385,79,242,55,146,65,281,62,231,64,1035,122,206,71,188,52,202,60,0,16,455,103,16,16,58,32,99,38,44,28,46,25,4,5,7,12,23,22,18,21,96,40,29,23,7,9,8,7,0,16,9,11,0,16,0,16,7,10,0,16,0,16,0,16,0,16,0,16,0,16,0,16,2,3,0,16,0,16,0,16,282,76,79,48,20,19,13,9,4,6,38,29,7,8,21,18,6,7,4,4,50,21,21,20,10,8,9,11,0,16,60,39,0,16,6,7,6,9,0,16,30,31,9,13,0,16,0,16,0,16,0,16,0,16,9,14,0,16,0,16,445,98,248,81,5,8,39,25,0,16,8,9,30,23,15,20,2,4,30,19,37,22,9,9,22,19,0,16,0,16
05000US19121,"Madison County, IA",7812,272,361,100,865,161,390,98,188,77,1044,201,439,115,207,85,1185,182,572,144,1544,217,498,155,272,90,229,71,18,24,6007,284,205,74,657,146,274,88,168,73,898,180,371,106,156,76,941,155,279,79,1210,191,435,144,231,91,164,53,18,24,1037,187,38,34,106,71,65,45,13,16,88,53,53,45,40,35,148,62,175,96,220,89,29,27,14,13,48,43,0,16,9,14,0,16,0,16,0,16,0,16,0,16,0,16,0,16,0,16,0,16,9,14,0,16,0,16,0,16,0,16,211,79,32,36,6,8,16,20,0,16,33,33,10,18,0,16,0,16,18,31,37,31,34,37,8,10,17,20,0,16,55,49,0,16,0,16,0,16,0,16,23,30,0,16,0,16,0,16,21,33,0,16,0,16,11,19,0,16,0,16,493,126,86,53,96,72,35,35,7,10,2,4,5,9,11,10,96,75,79,46,68,37,0,16,8,11,0,16,0,16
05000US19123,"Mahaska County, IA",10647,407,625,97,666,134,2538,239,251,137,1106,214,460,117,158,84,441,96,606,138,2411,233,722,175,389,109,253,75,21,20,8100,386,249,60,510,114,1962,190,246,136,900,171,348,88,147,82,376,88,360,108,1896,216,598,155,303,97,188,69,17,19,1240,225,52,38,120,59,478,126,5,5,96,86,50,51,11,17,23,18,84,51,207,72,25,31,26,19,63,48,0,18,67,38,0,18,0,18,35,24,0,18,2,3,0,18,0,18,0,18,8,13,8,14,0,18,13,22,1,5,0,18,551,157,76,47,23,26,15,15,0,18,102,70,30,29,0,18,33,50,91,68,106,62,55,50,15,17,1,4,4,7,118,54,8,12,0,18,41,36,0,18,0,18,9,9,0,18,0,18,3,6,35,33,13,21,9,20,0,18,0,18,571,106,240,67,13,17,7,9,0,18,6,10,23,25,0,18,9,15,60,36,159,67,31,25,23,19,0,18,0,18
05000US19125,"Marion County, IA",16279,393,503,133,861,167,3601,320,365,100,1640,268,563,121,288,99,846,165,767,159,4435,339,1038,197,1001,185,358,96,13,14,12894,470,275,97,727,156,3057,310,318,87,1419,272,506,110,202,86,730,158,589,132,3262,303,741,164,761,156,302,84,5,8,1313,181,12,19,102,51,389,125,16,20,46,28,0,21,40,37,105,71,70,64,318,92,74,58,103,54,38,30,0,21,41,37,0,21,10,17,0,21,0,21,0,21,0,21,7,12,0,21,15,25,0,21,0,21,9,15,0,21,0,21,550,133,4,7,7,12,57,42,0,21,67,44,25,24,0,21,0,21,30,29,198,78,79,70,68,46,15,22,0,21,237,92,11,18,7,11,54,29,13,16,0,21,7,9,0,21,0,21,13,21,77,45,45,47,10,14,0,21,0,21,1244,229,201,74,8,8,44,42,18,23,108,64,25,26,39,33,11,20,50,37,580,188,99,53,50,34,3,5,8,11
05000US19127,"Marshall County, IA",18643,506,645,180,1054,172,4719,428,359,93,2008,227,969,144,246,94,665,134,882,181,4335,391,1246,256,901,163,597,134,17,22,14583,471,407,118,677,127,3582,391,313,94,1679,214,821,122,207,82,552,120,645,148,3526,325,936,225,710,141,511,128,17,22,2486,305,124,94,290,92,841,185,7,9,208,81,61,49,33,39,56,37,113,70,449,146,148,76,100,60,56,39,0,21,42,40,0,21,0,21,6,10,0,21,0,21,0,21,0,21,0,21,0,21,9,12,23,38,4,6,0,21,0,21,630,173,26,22,45,43,155,77,12,18,49,49,14,11,6,7,11,18,14,17,145,84,121,72,22,18,10,13,0,21,361,119,36,42,37,53,79,63,0,21,37,41,54,45,0,21,0,21,28,30,70,61,10,13,9,13,1,2,0,21,541,134,52,39,5,8,56,50,27,27,35,34,19,26,0,21,46,40,82,47,136,60,8,15,56,41,19,27,0,21
05000US19129,"Mills County, IA",7112,322,386,82,513,98,526,114,248,69,902,157,447,84,68,33,474,109,482,113,1913,220,449,140,264,77,410,95,30,21,5540,292,230,63,446,101,402,100,212,68,661,141,375,80,62,31,362,103,353,90,1532,163,305,126,230,75,340,86,30,21,745,152,0,16,39,21,76,46,11,12,156,74,48,29,0,16,49,35,85,57,166,46,42,37,23,21,50,34,0,16,73,133,0,16,0,16,3,4,0,16,0,16,0,16,0,16,0,16,0,16,70,133,0,16,0,16,0,16,0,16,229,97,43,31,5,6,0,16,0,16,42,30,15,19,0,16,3,4,0,16,54,45,59,63,6,8,2,3,0,16,81,50,6,8,0,16,0,16,0,16,20,20,7,9,0,16,0,16,0,16,7,9,23,32,0,16,18,25,0,16,444,104,107,43,23,25,45,39,25,27,23,30,2,3,6,9,60,50,44,34,84,49,20,19,5,9,0,16,0,16
05000US19131,"Mitchell County, IA",5176,176,582,96,424,100,1137,156,106,51,556,122,261,81,26,20,153,64,177,65,1097,131,237,73,295,96,125,64,0,16,3881,257,280,76,338,86,858,123,46,31,470,118,196,62,22,18,132,51,124,50,894,142,207,73,206,88,108,60,0,16,445,135,2,3,58,37,211,113,4,6,23,28,0,16,0,16,0,16,3,5,104,46,14,13,22,23,4,9,0,16,3,5,0,16,0,16,0,16,0,16,0,16,0,16,0,16,0,16,0,16,3,5,0,16,0,16,0,16,0,16,290,88,46,41,13,13,29,26,19,19,40,30,12,20,4,6,14,21,31,36,25,20,9,13,35,27,13,15,0,16,85,44,10,15,0,16,24,25,1,2,9,13,25,29,0,16,0,16,0,16,9,10,0,16,7,11,0,16,0,16,472,123,244,93,15,14,15,20,36,40,14,22,28,34,0,16,7,11,19,14,62,35,7,11,25,19,0,16,0,16
05000US19133,"Monona County, IA",4107,191,413,76,292,73,388,68,175,70,494,101,205,60,75,39,140,41,203,60,1012,135,317,106,195,66,195,69,3,5,3161,199,253,56,228,66,293,68,131,56,428,100,182,57,28,28,133,40,145,51,814,120,236,79,119,54,168,69,3,5,426,79,43,29,38,21,73,27,14,15,39,22,5,7,16,13,5,6,10,9,97,41,40,37,26,21,20,19,0,14,14,18,0,14,0,14,1,3,0,14,0,14,0,14,0,14,0,14,0,14,13,18,0,14,0,14,0,14,0,14,154,69,4,6,4,5,0,14,3,4,24,18,5,5,20,20,2,3,6,11,60,44,0,14,26,36,0,14,0,14,99,73,0,14,18,24,0,14,27,41,0,14,13,14,0,14,0,14,0,14,0,14,41,47,0,14,0,14,0,14,253,62,113,47,4,6,21,20,0,14,3,4,0,14,11,10,0,14,42,33,28,15,0,14,24,23,7,7,0,14
05000US19135,"Monroe County, IA",3593,232,264,89,220,88,818,153,18,18,375,109,143,56,99,69,146,75,63,45,949,162,221,92,112,61,165,98,0,14,2926,228,179,84,157,72,713,143,18,18,260,87,126,52,76,62,121,67,43,40,841,152,188,85,61,42,143,79,0,14,356,109,0,14,62,52,92,52,0,14,82,62,10,14,23,25,12,22,0,14,23,27,4,5,26,31,22,32,0,14,28,28,0,14,0,14,0,14,0,14,15,22,0,14,0,14,0,14,0,14,13,20,0,14,0,14,0,14,0,14,89,58,21,23,0,14,13,19,0,14,0,14,0,14,0,14,0,14,0,14,21,33,29,31,5,8,0,14,0,14,18,29,0,14,0,14,0,14,0,14,18,29,0,14,0,14,0,14,0,14,0,14,0,14,0,14,0,14,0,14,176,67,64,45,1,2,0,14,0,14,0,14,7,8,0,14,13,15,20,22,51,39,0,14,20,23,0,14,0,14
05000US19137,"Montgomery County, IA",4672,204,395,76,320,81,564,127,171,68,433,90,271,82,153,55,168,64,302,98,1101,140,461,125,201,62,132,45,0,16,3670,228,290,79,264,79,470,114,115,53,345,82,156,53,125,57,151,51,220,85,979,130,264,80,168,69,123,43,0,16,505,121,11,14,31,22,84,52,34,29,28,22,69,47,18,16,17,28,71,47,82,51,52,38,1,2,7,11,0,16,12,14,0,16,0,16,0,16,6,10,0,16,0,16,0,16,0,16,0,16,3,8,3,4,0,16,0,16,0,16,242,92,36,23,0,16,3,5,16,15,9,12,13,12,7,7,0,16,0,16,17,16,131,79,8,8,2,3,0,16,60,44,6,9,0,16,0,16,0,16,29,36,13,21,0,16,0,16,0,16,2,3,4,6,6,9,0,16,0,16,183,54,52,28,25,23,7,7,0,16,22,21,20,18,3,5,0,16,11,16,18,19,7,12,18,19,0,16,0,16
05000US19139,"Muscatine County, IA",20539,542,461,125,1329,273,5965,462,401,136,2151,277,1043,146,272,135,753,160,1618,268,3527,301,1783,327,745,166,475,148,16,22,16827,583,301,87,978,225,5062,417,349,127,1884,272,921,128,259,135,672,144,1274,235,2774,273,1264,226,639,155,450,138,0,21,2277,342,27,24,263,114,607,194,33,32,195,92,66,54,2,4,36,29,158,86,448,130,353,171,50,38,23,33,16,22,87,60,0,21,0,21,22,24,0,21,13,20,0,21,0,21,0,21,0,21,0,21,52,52,0,21,0,21,0,21,534,188,1,3,26,30,202,160,12,15,32,32,20,25,0,21,16,21,84,66,72,55,69,44,0,21,0,21,0,21,198,77,22,24,13,22,61,47,0,21,16,26,36,30,0,21,7,10,0,21,27,25,6,12,8,12,2,5,0,21,616,129,110,71,49,43,11,12,7,11,11,18,0,21,11,15,22,34,102,42,206,68,39,42,48,35,0,21,0,21
05000US19141,"O'Brien County, IA",7060,223,469,98,598,146,1322,218,267,103,944,187,318,89,144,77,239,85,264,76,1664,202,387,125,253,79,191,69,0,16,5110,281,301,87,339,89,916,165,249,103,814,175,230,69,138,75,121,35,189,63,1201,172,305,116,165,68,142,63,0,16,841,171,40,34,171,92,291,124,7,12,26,25,6,8,4,6,20,16,2,3,230,98,10,11,3,4,31,34,0,16,3,5,0,16,0,16,0,16,0,16,0,16,0,16,0,16,0,16,0,16,3,5,0,16,0,16,0,16,0,16,391,119,71,31,34,34,41,46,8,9,64,35,22,18,2,4,7,6,7,8,78,59,34,33,20,20,3,4,0,16,232,112,0,16,0,16,50,64,3,4,33,29,16,16,0,16,38,32,13,13,44,60,17,24,3,5,15,23,0,16,483,127,57,30,54,41,24,20,0,16,7,6,44,41,0,16,53,64,53,43,108,78,21,29,62,38,0,16,0,16
05000US19143,"Osceola County, IA",3289,133,421,77,168,45,754,107,81,35,357,84,141,53,55,39,122,49,149,52,675,102,182,49,118,41,61,32,5,8,2589,160,261,63,107,41,588,95,75,34,337,84,111,46,53,39,99,40,123,46,532,99,153,47,89,40,61,32,0,14,239,80,0,14,25,23,139,68,2,4,0,14,22,21,0,14,6,10,3,6,35,25,0,14,7,11,0,14,0,14,2,6,0,14,0,14,0,14,0,14,0,14,0,14,0,14,0,14,2,6,0,14,0,14,0,14,0,14,0,14,210,59,39,26,33,24,6,9,1,3,9,9,6,7,2,3,6,7,0,14,62,38,29,21,17,14,0,14,0,14,15,12,0,14,3,4,0,14,3,5,0,14,0,14,0,14,0,14,0,14,6,8,0,14,3,5,0,14,0,14,234,72,121,52,0,14,21,25,0,14,11,15,2,3,0,14,11,15,21,19,40,23,0,14,2,4,0,14,5,8
05000US19145,"Page County, IA",6915,266,473,98,356,87,1199,142,151,57,877,174,248,89,151,62,256,93,306,78,1849,201,373,129,274,71,391,72,11,18,5650,268,264,69,257,67,1057,136,101,46,694,142,213,78,135,59,207,79,274,75,1580,189,276,107,255,69,337,69,0,16,631,150,22,14,61,44,74,45,3,4,136,92,5,9,4,5,36,38,11,16,178,64,45,42,1,3,44,42,11,18,3,8,0,16,0,16,0,16,0,16,0,16,0,16,0,16,0,16,0,16,3,8,0,16,0,16,0,16,0,16,253,92,16,10,20,32,55,34,13,14,20,24,3,6,5,7,11,12,2,3,45,44,49,47,5,6,9,14,0,16,123,57,0,16,12,18,10,11,28,39,11,17,24,25,0,16,0,16,5,8,33,26,0,16,0,16,0,16,0,16,255,65,171,60,6,7,3,5,6,10,16,14,3,5,7,12,2,3,14,12,10,14,3,4,13,15,1,3,0,16
05000US19147,"Palo Alto County, IA",4464,202,430,83,321,76,705,111,84,32,442,97,277,83,74,31,174,63,128,50,1060,150,451,112,137,43,163,61,18,18,3615,202,272,62,269,70,569,101,74,32,398,94,219,80,67,29,118,46,97,46,890,127,369,109,117,41,138,50,18,18,322,75,7,7,22,16,85,49,3,4,13,15,10,14,3,4,9,8,23,16,89,33,49,40,5,5,4,7,0,14,18,21,0,14,0,14,3,6,3,6,0,14,0,14,0,14,12,18,0,14,0,14,0,14,0,14,0,14,0,14,189,52,25,18,5,7,30,19,0,14,11,10,4,5,4,7,9,6,3,5,49,39,20,20,8,6,21,25,0,14,64,34,2,4,4,5,11,13,0,14,10,13,27,24,0,14,0,14,0,14,0,14,10,14,0,14,0,14,0,14,256,65,124,40,21,24,7,7,4,6,10,16,17,13,0,14,26,19,5,6,32,29,3,4,7,8,0,14,0,14
05000US19149,"Plymouth County, IA",13534,310,1062,169,593,130,2524,238,364,97,1769,246,903,192,171,70,623,130,609,172,3156,264,782,159,658,126,320,89,0,18,10550,359,544,99,415,103,2095,243,319,94,1603,249,638,137,110,46,471,111,460,150,2510,244,663,155,437,113,285,83,0,18,1535,242,92,50,97,43,342,118,3,5,81,45,177,111,54,44,70,39,59,40,395,112,53,36,112,61,0,18,0,18,47,30,0,18,0,18,12,17,4,10,0,18,0,18,0,18,0,18,0,18,24,25,5,7,2,4,0,18,0,18,349,100,48,42,0,18,41,33,4,6,53,45,54,41,7,10,3,5,12,14,46,29,25,23,35,17,21,23,0,18,220,91,12,17,66,58,26,30,18,28,0,18,9,8,0,18,23,28,47,43,15,27,4,6,0,18,0,18,0,18,833,159,366,97,15,16,8,8,16,18,32,24,25,24,0,18,56,46,31,19,166,75,32,34,72,39,14,19,0,18
05000US19151,"Pocahontas County, IA",3596,125,544,84,142,43,634,87,117,42,362,73,246,52,45,21,119,39,167,54,762,99,173,46,171,47,102,41,12,14,2617,148,303,63,102,38,471,84,96,39,302,64,165,41,34,19,97,34,105,41,600,84,153,42,89,35,100,42,0,14,378,85,34,23,38,21,101,46,11,12,31,26,34,27,3,4,5,5,12,10,75,35,12,15,22,23,0,14,0,14,8,8,3,4,0,14,0,14,0,14,5,7,0,14,0,14,0,14,0,14,0,14,0,14,0,14,0,14,0,14,168,46,19,13,0,14,31,27,2,4,5,5,5,8,8,7,0,14,34,25,28,15,6,8,25,14,2,3,3,4,82,37,11,11,0,14,23,26,0,14,0,14,14,9,0,14,0,14,0,14,21,13,2,5,2,3,0,14,9,14,343,80,174,58,2,3,8,11,8,13,19,15,28,25,0,14,17,16,16,18,38,22,0,14,33,25,0,14,0,14
05000US19153,"Polk County, IA",226602,1509,2705,440,12393,922,17708,872,7285,554,24975,1122,9523,634,5830,594,38848,1413,21944,1157,46128,1443,19248,1073,9671,782,9830,663,514,189,184876,1931,2049,348,8841,639,14385,847,6518,503,20984,929,8326,561,4779,482,32643,1404,17658,996,37878,1430,14178,871,7583,643,8655,585,399,150,23455,1274,143,74,2589,477,2205,366,441,152,2162,361,611,167,553,178,3609,444,2036,363,4213,496,3076,514,1062,261,675,185,80,74,3484,392,5,12,135,65,286,132,32,37,403,172,129,91,73,44,858,198,221,84,453,169,519,197,94,84,276,126,0,23,3867,495,125,91,26,24,121,78,20,23,443,157,116,129,25,24,537,194,356,124,869,212,755,239,363,160,85,104,26,26,2279,315,43,50,118,103,153,70,17,21,366,106,255,112,57,52,172,104,226,101,304,114,395,152,101,89,72,46,0,23,8641,618,340,154,684,302,558,199,257,117,617,174,86,59,343,130,1029,233,1447,255,2411,333,325,164,468,140,67,51,9,11
05000US19155,"Pottawattamie County, IA",46444,691,1029,175,3749,338,4236,385,1406,203,5814,424,3607,351,775,162,4000,298,3524,371,10128,552,4247,365,2382,324,1504,246,43,30,38632,849,639,145,3085,290,3499,387,1075,173,4964,385,3059,342,660,159,3439,268,2983,331,8527,525,3464,317,1870,279,1334,219,34,25,4511,414,58,38,427,112,456,142,245,113,522,140,347,104,58,42,410,116,277,130,894,184,449,140,259,124,109,72,0,23,259,94,0,23,0,23,0,23,0,23,22,24,26,39,0,23,0,23,22,29,117,67,56,55,12,17,4,8,0,23,793,171,41,29,20,25,38,25,3,4,152,77,37,30,11,17,29,41,31,24,173,76,172,73,59,36,27,29,0,23,441,130,5,5,5,8,73,50,15,17,62,69,81,42,0,23,0,23,33,35,42,35,88,59,19,21,9,9,9,16,1808,258,286,82,212,134,170,88,68,51,92,47,57,46,46,41,122,57,178,83,375,117,18,15,163,63,21,23,0,23
05000US19157,"Poweshiek County, IA",9693,337,677,127,624,135,1449,181,218,77,975,168,344,107,197,63,671,146,368,113,3004,288,677,166,389,114,100,47,0,16,6839,405,342,88,479,121,1181,169,189,71,755,137,264,96,185,71,570,129,274,103,1830,234,424,148,272,113,74,42,0,16,817,127,55,32,68,43,208,59,14,13,94,54,20,20,12,18,64,46,46,32,152,68,45,31,28,25,11,16,0,16,57,67,12,17,2,4,2,4,0,16,38,48,0,16,0,16,0,16,0,16,0,16,3,14,0,16,0,16,0,16,772,169,79,54,22,18,53,47,4,6,30,24,24,30,0,16,14,13,23,20,331,104,138,72,51,30,3,4,0,16,120,63,0,16,16,21,4,6,0,16,0,16,20,21,0,16,0,16,0,16,35,37,33,38,12,25,0,16,0,16,1088,208,189,75,37,37,1,3,11,14,58,37,16,16,0,16,23,32,25,27,656,172,34,27,26,20,12,18,0,16
05000US19159,"Ringgold County, IA",2214,108,311,65,260,73,207,54,71,35,179,43,118,47,18,12,59,26,79,36,699,88,69,30,77,40,67,29,0,14,1752,142,223,55,218,70,158,45,52,30,140,41,108,45,14,10,53,24,52,28,560,77,65,29,50,34,59,28,0,14,188,57,13,9,29,16,34,28,7,10,8,12,0,14,0,14,4,7,25,22,54,36,4,5,7,9,3,5,0,14,0,14,0,14,0,14,0,14,0,14,0,14,0,14,0,14,0,14,0,14,0,14,0,14,0,14,0,14,0,14,60,20,5,7,4,6,0,14,0,14,4,4,5,6,4,6,2,4,0,14,31,17,0,14,5,5,0,14,0,14,61,39,0,14,0,14,12,16,8,8,7,7,5,8,0,14,0,14,2,3,22,26,0,14,0,14,5,8,0,14,153,74,70,42,9,10,3,5,4,6,20,14,0,14,0,14,0,14,0,14,32,37,0,14,15,10,0,14,0,14
05000US19161,"Sac County, IA",5116,126,507,79,365,70,716,106,217,53,631,108,365,80,98,38,278,58,275,66,1067,113,246,68,199,53,152,47,0,16,4110,144,270,53,303,69,563,88,173,42,567,102,327,76,95,38,229,51,172,50,895,97,210,57,169,49,137,46,0,16,427,79,28,17,52,26,107,46,26,19,22,15,12,11,0,16,24,17,61,45,74,25,10,13,3,4,8,8,0,16,20,23,15,21,0,16,2,4,0,16,0,16,0,16,0,16,0,16,0,16,0,16,0,16,0,16,3,4,0,16,164,55,47,37,2,3,17,12,0,16,29,20,3,4,2,3,0,16,12,14,29,26,15,20,8,9,0,16,0,16,27,15,13,13,0,16,5,7,3,5,0,16,2,3,0,16,0,16,0,16,4,6,0,16,0,16,0,16,0,16,368,55,134,46,8,8,22,17,15,19,13,12,21,13,1,4,25,24,30,21,65,24,11,11,19,18,4,6,0,16
05000US19163,"Scott County, IA",80524,1007,970,166,4327,384,13517,876,2537,266,9676,554,4059,438,1621,269,4885,398,6444,521,17192,868,7218,532,3818,351,3835,385,425,120,69479,1060,692,149,3707,378,11735,767,2279,250,8721,532,3567,428,1455,267,4234,362,5269,460,14579,863,6156,511,3229,335,3496,365,360,114,5766,512,57,38,464,115,1153,246,83,51,519,144,185,79,81,45,175,91,591,149,1364,203,547,136,275,95,234,81,38,47,401,119,0,23,0,23,143,91,0,23,43,51,2,3,0,23,0,23,6,10,110,52,88,57,9,17,0,23,0,23,1564,262,8,13,30,30,140,98,6,10,159,70,94,78,0,23,115,72,68,45,461,118,306,106,124,67,28,27,25,27,765,152,21,30,36,38,75,46,36,39,97,54,113,71,54,64,53,59,36,27,124,73,84,52,11,17,23,23,2,4,2549,296,192,70,90,49,271,110,133,100,137,60,98,82,31,27,308,125,474,123,554,142,37,26,170,66,54,35,0,23
05000US19165,"Shelby County, IA",5965,192,532,102,364,77,480,97,363,125,861,152,498,98,101,36,362,76,405,137,1246,140,246,80,291,66,207,87,9,12,4704,188,283,72,273,66,379,75,262,69,691,137,429,104,78,30,285,67,314,96,1087,135,221,77,213,62,189,86,0,16,501,121,22,20,42,24,47,31,82,101,75,41,22,28,16,13,25,25,22,19,96,46,15,16,19,14,18,19,0,16,43,29,0,16,0,16,2,4,8,13,15,17,0,16,0,16,0,16,8,13,10,11,0,16,0,16,0,16,0,16,214,61,37,28,5,5,16,16,4,4,17,13,27,18,7,7,18,17,1,2,36,21,6,6,31,23,0,16,9,12,74,48,16,23,0,16,4,7,0,16,39,38,15,12,0,16,0,16,0,16,0,16,0,16,0,16,0,16,0,16,429,101,174,57,44,31,32,25,7,7,24,17,5,9,0,16,34,26,60,55,17,11,4,7,28,24,0,16,0,16
05000US19167,"Sioux County, IA",18285,317,1956,298,1105,209,2887,264,414,88,1892,238,643,142,209,89,866,171,881,153,4752,356,1302,318,1055,182,323,89,0,21,12772,436,998,214,742,134,2447,247,371,85,1477,205,482,123,155,72,723,160,661,150,3077,309,728,156,661,147,250,72,0,21,1835,344,151,89,252,96,243,70,22,25,149,76,52,36,34,46,50,47,78,42,353,122,263,208,133,67,55,44,0,21,59,48,0,21,0,21,3,5,0,21,11,14,0,21,0,21,11,15,15,21,2,4,17,25,0,21,0,21,0,21,850,182,168,97,20,18,48,30,2,3,138,61,22,26,7,12,7,7,40,35,206,81,52,40,123,63,17,26,0,21,324,119,10,14,5,6,63,55,2,3,40,34,13,18,0,21,37,49,3,5,78,60,72,45,0,21,1,3,0,21,2445,301,629,153,86,92,83,46,17,19,77,56,74,63,13,19,38,30,84,43,1036,202,170,98,138,58,0,21,0,21
05000US19169,"Story County, IA",48514,894,1387,280,2415,274,4702,411,763,167,4486,477,1317,255,843,214,2562,329,3510,354,17523,892,4523,568,2177,268,2243,300,63,43,34504,890,1047,236,1894,257,3979,368,632,139,3643,413,1064,228,624,174,1898,305,2515,328,10526,673,3096,497,1663,249,1879,269,44,38,4758,532,64,47,319,105,389,135,27,24,277,120,150,104,31,34,397,121,322,131,1875,331,477,166,148,79,273,82,9,16,2859,446,12,18,30,39,91,75,34,46,204,109,0,23,0,23,61,57,151,86,2026,365,141,84,53,47,56,45,0,23,3721,430,33,29,77,57,32,30,12,18,182,102,30,29,110,92,81,52,207,96,2222,323,577,182,148,65,0,23,10,12,1285,272,54,39,53,35,158,139,20,29,85,48,30,27,51,42,33,52,60,43,537,159,151,93,34,46,19,23,0,23,1387,199,177,99,42,37,53,42,38,34,95,56,43,35,27,27,92,48,255,94,337,85,81,51,131,87,16,19,0,23
05000US19171,"Tama County, IA",8250,198,658,115,718,102,1154,148,263,70,926,139,371,80,65,40,292,78,412,101,1919,162,803,136,311,78,335,84,23,25,6498,218,364,85,579,97,865,113,244,69,743,133,305,72,57,39,243,67,301,85,1560,140,641,114,264,81,309,82,23,25,880,147,23,18,107,41,228,72,6,9,87,52,22,32,0,16,26,25,19,18,214,64,119,47,18,16,11,11,0,16,1,2,0,16,0,16,0,16,0,16,0,16,0,16,0,16,0,16,0,16,1,2,0,16,0,16,0,16,0,16,421,103,130,83,3,6,27,26,4,5,46,28,27,18,6,6,6,8,39,33,104,41,8,6,15,18,6,7,0,16,85,45,3,5,17,22,8,12,0,16,10,11,8,9,0,16,3,5,6,9,0,16,30,36,0,16,0,16,0,16,365,80,138,48,12,9,26,19,9,9,40,35,9,10,2,3,14,23,47,27,40,23,5,8,14,14,9,12,0,16
05000US19173,"Taylor County, IA",3000,113,328,68,188,47,675,87,43,27,259,49,160,45,18,11,110,36,95,29,721,90,111,29,149,43,143,38,0,14,2235,124,193,53,138,39,545,87,34,23,181,41,109,33,18,11,102,37,65,22,535,81,94,26,106,38,115,32,0,14,439,78,30,17,40,25,100,38,9,13,39,20,37,29,0,14,6,9,13,13,116,37,8,8,17,16,24,17,0,14,4,5,0,14,0,14,4,5,0,14,0,14,0,14,0,14,0,14,0,14,0,14,0,14,0,14,0,14,0,14,100,34,4,5,0,14,18,17,0,14,16,12,6,7,0,14,2,3,2,3,30,17,9,12,13,12,0,14,0,14,40,22,7,7,0,14,1,4,0,14,6,7,8,9,0,14,0,14,7,6,7,8,0,14,0,14,4,5,0,14,182,51,94,36,10,14,7,7,0,14,17,13,0,14,0,14,0,14,8,7,33,21,0,14,13,7,0,14,0,14
05000US19175,"Union County, IA",6243,218,374,101,394,105,1353,146,141,60,767,149,290,83,78,42,218,76,351,117,1391,177,388,103,294,100,204,77,0,16,4919,251,226,77,304,97,1097,138,94,49,623,111,260,81,46,32,163,67,182,69,1113,193,355,101,252,100,204,77,0,16,666,150,25,20,68,39,223,85,13,21,74,52,0,16,13,19,25,34,53,44,125,59,19,18,28,29,0,16,0,16,78,55,0,16,0,16,0,16,0,16,0,16,0,16,0,16,13,19,7,13,58,43,0,16,0,16,0,16,0,16,213,102,8,11,0,16,15,22,17,26,48,49,0,16,10,16,2,4,95,84,18,21,0,16,0,16,0,16,0,16,74,47,26,31,0,16,9,11,17,23,0,16,17,14,2,3,0,16,0,16,1,2,2,6,0,16,0,16,0,16,293,89,89,55,22,25,9,11,0,16,22,18,13,20,7,11,15,22,14,22,76,54,12,14,14,15,0,16,0,16
05000US19177,"Van Buren County, IA",3471,159,289,75,187,52,652,117,105,43,499,97,190,51,22,16,228,64,146,50,717,110,193,63,164,51,76,31,3,5,2393,165,158,72,147,48,385,90,95,40,380,87,163,48,18,14,187,57,107,42,536,96,84,39,65,25,68,30,0,14,516,100,25,19,35,22,201,57,0,14,50,33,3,5,0,14,30,23,12,13,78,42,28,25,45,37,6,9,3,5,51,38,0,14,0,14,0,14,0,14,0,14,5,7,0,14,0,14,0,14,46,35,0,14,0,14,0,14,0,14,250,69,21,16,5,6,33,22,8,11,38,33,14,13,4,7,4,5,5,9,26,29,77,42,13,11,2,3,0,14,23,17,0,14,0,14,17,14,0,14,4,5,0,14,0,14,0,14,0,14,0,14,0,14,2,3,0,14,0,14,238,68,85,42,0,14,16,16,2,4,27,18,5,7,0,14,7,8,22,18,31,21,4,6,39,26,0,14,0,14
05000US19179,"Wapello County, IA",15977,498,261,85,707,152,4176,385,353,125,2005,270,844,215,203,82,642,158,732,183,3451,285,1316,259,777,154,499,102,11,17,12749,540,133,54,541,129,3354,354,248,100,1601,227,697,154,101,50,599,155,564,152,2874,264,943,193,658,141,425,93,11,17,1851,313,27,30,137,80,620,160,94,74,153,87,78,112,8,14,27,23,102,75,306,93,200,129,33,31,66,54,0,21,225,102,0,21,0,21,31,43,0,21,68,68,2,5,15,23,0,21,0,21,59,49,43,34,7,11,0,21,0,21,373,119,11,17,2,3,74,62,0,21,98,58,21,26,25,32,0,21,6,11,102,63,25,21,9,9,0,21,0,21,269,115,0,21,0,21,60,38,0,21,65,41,37,43,16,22,0,21,7,11,10,14,61,58,13,16,0,21,0,21,510,153,90,49,27,27,37,39,11,16,20,21,9,12,38,54,16,24,53,42,100,56,44,42,57,54,8,11,0,21
05000US19181,"Warren County, IA",24234,417,284,82,2060,257,1421,172,725,147,2918,293,1137,200,492,106,3467,357,2071,279,5974,390,1436,216,1035,166,1190,154,24,19,19750,517,152,61,1663,211,1207,156,686,147,2647,284,1003,189,443,99,2780,324,1685,250,4304,341,1240,188,876,163,1040,156,24,19,2271,325,12,16,303,114,153,59,35,32,130,64,49,39,6,9,542,137,188,82,585,177,58,37,75,44,135,76,0,21,112,78,0,21,0,21,0,21,0,21,21,27,0,21,0,21,9,13,13,21,54,65,15,19,0,21,0,21,0,21,542,140,11,13,0,21,8,12,2,3,64,50,25,20,21,24,50,51,15,14,265,82,54,42,27,24,0,21,0,21,146,71,0,21,2,3,9,13,0,21,13,22,44,40,8,11,0,21,0,21,33,26,36,40,0,21,1,3,0,21,1413,220,109,57,92,58,44,40,2,3,43,32,16,21,14,20,86,39,170,68,733,162,33,28,57,41,14,15,0,21
05000US19183,"Washington County, IA",11183,279,735,133,905,129,1669,219,233,75,1387,220,360,94,193,74,338,103,759,171,3226,275,575,141,477,123,323,107,3,4,8182,328,309,86,589,100,1346,217,206,70,1186,193,293,83,159,66,272,89,536,125,2370,250,365,116,312,91,238,94,1,4,1525,206,56,37,173,64,207,82,9,11,83,46,13,11,13,16,45,50,144,90,561,105,126,72,51,33,44,40,0,18,63,52,0,18,0,18,13,17,0,18,0,18,0,18,0,18,0,18,0,18,50,49,0,18,0,18,0,18,0,18,448,105,62,48,77,46,12,13,0,18,29,22,13,15,15,18,0,18,8,9,95,44,65,46,62,44,10,12,0,18,167,67,0,18,4,6,28,30,12,16,33,31,22,21,2,4,0,18,0,18,48,33,3,5,0,18,15,23,0,18,798,157,308,111,62,62,63,46,6,10,56,36,19,31,4,7,21,19,71,44,102,61,16,23,52,35,16,25,2,3
05000US19185,"Wayne County, IA",2719,138,304,70,194,60,508,89,134,43,259,62,129,46,15,13,70,33,88,33,724,94,109,38,108,31,75,27,2,4,2015,116,168,47,99,35,395,74,112,42,221,57,101,41,9,10,63,31,69,28,575,80,81,32,54,22,66,25,2,4,434,116,37,29,76,43,101,53,22,15,23,19,11,9,6,8,4,6,7,8,106,50,23,16,9,8,9,11,0,14,7,9,0,14,0,14,0,14,0,14,4,6,0,14,0,14,0,14,0,14,3,6,0,14,0,14,0,14,0,14,84,29,23,17,0,14,2,3,0,14,8,8,0,14,0,14,0,14,2,4,18,14,5,5,26,18,0,14,0,14,32,16,0,14,9,12,10,9,0,14,0,14,13,15,0,14,0,14,0,14,0,14,0,14,0,14,0,14,0,14,147,55,76,47,10,14,0,14,0,14,3,5,4,6,0,14,3,4,10,13,22,15,0,14,19,15,0,14,0,14
05000US19187,"Webster County, IA",17679,390,868,138,894,153,2573,293,536,113,2474,299,997,167,319,85,788,203,838,192,4176,285,1604,226,866,163,746,157,0,21,14639,471,513,110,677,142,2144,278,503,110,2146,264,867,163,217,73,665,173,687,171,3542,307,1359,213,655,151,664,153,0,21,1403,232,69,49,143,53,267,125,18,21,159,94,45,37,43,36,54,35,26,24,268,81,195,112,67,40,49,39,0,21,64,52,0,21,0,21,10,14,10,21,0,21,0,21,0,21,0,21,0,21,35,43,9,13,0,21,0,21,0,21,568,135,75,44,10,11,91,78,0,21,83,49,2,3,38,36,41,63,43,40,109,58,19,23,48,27,9,8,0,21,262,105,0,21,39,36,27,24,0,21,32,34,74,64,0,21,0,21,3,5,43,34,22,25,12,12,10,10,0,21,743,153,211,81,25,30,34,35,5,5,54,41,9,10,21,22,28,25,79,51,179,71,0,21,84,58,14,22,0,21
05000US19189,"Winnebago County, IA",5543,161,386,99,313,94,1300,165,160,64,421,100,255,69,105,48,276,78,148,56,1407,156,317,76,282,94,173,72,0,16,4141,206,164,62,211,69,1002,138,108,48,350,85,203,61,82,40,220,74,103,46,1101,150,238,61,228,89,131,68,0,16,623,158,84,64,47,36,260,117,23,20,38,35,38,44,0,16,25,26,0,16,74,36,24,27,10,13,0,16,0,16,7,11,0,16,0,16,0,16,0,16,0,16,0,16,0,16,0,16,7,11,0,16,0,16,0,16,0,16,0,16,403,90,20,22,40,37,16,14,29,42,20,26,9,10,23,24,9,11,18,19,131,54,38,32,16,15,34,31,0,16,82,45,15,19,5,8,14,18,0,16,3,5,5,8,0,16,0,16,18,24,8,8,6,12,0,16,8,11,0,16,287,70,103,47,10,15,8,9,0,16,10,15,0,16,0,16,22,24,2,3,93,48,11,18,28,26,0,16,0,16
05000US19191,"Winneshiek County, IA",11578,263,1013,159,893,123,1341,169,218,70,1124,174,392,126,84,44,393,90,538,116,3964,287,901,132,491,120,219,78,7,10,7462,293,495,101,732,110,954,129,160,63,924,157,339,117,61,35,285,77,345,82,2175,209,484,111,323,71,178,59,7,10,900,166,35,24,109,50,220,75,18,23,46,27,22,34,3,4,43,49,52,42,277,112,49,38,22,21,4,6,0,18,16,16,0,18,0,18,0,18,0,18,0,18,0,18,0,18,0,18,0,18,16,16,0,18,0,18,0,18,0,18,1907,254,103,49,5,9,84,39,14,17,96,47,17,18,20,23,30,26,59,60,1082,215,255,80,105,78,37,51,0,18,220,70,17,18,0,18,38,30,3,4,10,14,2,3,0,18,7,12,0,18,111,55,22,25,10,14,0,18,0,18,1073,218,363,123,47,31,45,35,23,22,48,23,12,13,0,18,28,29,82,43,303,121,91,56,31,22,0,18,0,18
05000US19193,"Woodbury County, IA",50569,862,1167,213,3030,387,8809,641,1563,285,6560,477,2397,362,1141,250,2593,274,3921,466,10809,672,4597,565,2309,334,1524,233,149,89,40808,948,662,132,2261,341,6883,578,1223,221,5572,438,2079,317,1003,239,2194,241,3167,405,8769,630,3507,482,1946,311,1402,215,140,88,4883,520,140,103,498,158,1359,295,164,91,551,140,147,70,68,58,130,76,307,102,894,186,401,134,147,63,68,58,9,15,499,141,0,23,0,23,120,87,1,4,80,58,26,35,0,23,6,10,64,60,70,50,121,93,3,6,8,16,0,23,930,176,98,55,32,20,19,16,9,7,125,56,0,23,8,10,41,35,34,39,195,60,263,114,87,60,19,19,0,23,1441,296,74,85,165,105,366,143,55,54,139,77,94,66,34,41,34,35,165,88,74,43,216,98,17,28,8,13,0,23,2008,340,193,60,74,38,62,57,111,97,93,68,51,50,28,34,188,103,184,83,807,183,89,45,109,61,19,24,0,23
05000US19195,"Worth County, IA",3901,151,334,65,295,72,805,98,113,38,579,114,142,48,25,20,97,45,158,55,675,92,313,81,211,62,153,43,1,3,3112,184,124,59,261,68,666,95,102,37,469,113,133,46,22,18,75,41,130,49,583,86,251,71,151,61,144,42,1,3,286,82,16,18,28,16,85,40,7,10,67,36,8,11,0,14,9,9,11,11,35,21,17,12,0,14,3,4,0,14,4,6,0,14,0,14,0,14,0,14,0,14,0,14,3,6,0,14,1,2,0,14,0,14,0,14,0,14,0,14,125,46,21,28,4,5,8,12,4,5,38,27,0,14,0,14,2,3,6,8,16,15,16,13,6,5,4,7,0,14,18,12,0,14,0,14,3,4,0,14,5,8,1,3,0,14,0,14,4,5,0,14,0,14,5,6,0,14,0,14,356,86,173,57,2,3,43,34,0,14,0,14,0,14,0,14,11,14,6,9,41,25,29,32,49,32,2,3,0,14
05000US19197,"Wright County, IA",6271,236,627,127,373,113,1111,194,299,110,660,138,396,114,87,47,242,70,327,110,1481,219,239,96,253,85,176,72,0,16,4869,272,453,100,289,89,965,171,165,59,540,120,323,107,77,45,202,63,251,92,1140,195,186,87,141,70,137,64,0,16,667,181,18,19,61,53,77,58,76,81,60,41,31,33,0,16,22,19,52,57,167,69,22,25,72,43,9,7,0,16,29,30,0,16,0,16,0,16,4,10,0,16,0,16,0,16,0,16,0,16,25,28,0,16,0,16,0,16,0,16,285,95,11,17,19,28,47,35,2,5,3,5,18,22,6,7,8,12,7,10,109,62,22,28,33,33,0,16,0,16,138,72,9,13,0,16,19,17,5,9,56,50,0,16,0,16,0,16,10,17,0,16,9,14,0,16,30,34,0,16,283,99,136,69,4,6,3,5,47,42,1,3,24,21,4,6,10,15,7,7,40,31,0,16,7,10,0,16,0,16
