geoid,name,B17001001 - Total:,"B17001001 - Total:, Error",B17001002 - Income in the past 12 months below poverty level:,"B17001002 - Income in the past 12 months below poverty level:, Error",B17001003 - Male:,"B17001003 - Male:, Error",B17001004 - Under 5 years,"B17001004 - Under 5 years, Error",B17001005 - 5 years,"B17001005 - 5 years, Error",B17001006 - 6 to 11 years,"B17001006 - 6 to 11 years, Error",B17001007 - 12 to 14 years,"B17001007 - 12 to 14 years, Error",B17001008 - 15 years,"B17001008 - 15 years, Error",B17001009 - 16 and 17 years,"B17001009 - 16 and 17 years, Error",B17001010 - 18 to 24 years,"B17001010 - 18 to 24 years, Error",B17001011 - 25 to 34 years,"B17001011 - 25 to 34 years, Error",B17001012 - 35 to 44 years,"B17001012 - 35 to 44 years, Error",B17001013 - 45 to 54 years,"B17001013 - 45 to 54 years, Error",B17001014 - 55 to 64 years,"B17001014 - 55 to 64 years, Error",B17001015 - 65 to 74 years,"B17001015 - 65 to 74 years, Error",B17001016 - 75 years and over,"B17001016 - 75 years and over, Error",B17001017 - Female:,"B17001017 - Female:, Error",B17001018 - Under 5 years,"B17001018 - Under 5 years, Error",B17001019 - 5 years,"B17001019 - 5 years, Error",B17001020 - 6 to 11 years,"B17001020 - 6 to 11 years, Error",B17001021 - 12 to 14 years,"B17001021 - 12 to 14 years, Error",B17001022 - 15 years,"B17001022 - 15 years, Error",B17001023 - 16 and 17 years,"B17001023 - 16 and 17 years, Error",B17001024 - 18 to 24 years,"B17001024 - 18 to 24 years, Error",B17001025 - 25 to 34 years,"B17001025 - 25 to 34 years, Error",B17001026 - 35 to 44 years,"B17001026 - 35 to 44 years, Error",B17001027 - 45 to 54 years,"B17001027 - 45 to 54 years, Error",B17001028 - 55 to 64 years,"B17001028 - 55 to 64 years, Error",B17001029 - 65 to 74 years,"B17001029 - 65 to 74 years, Error",B17001030 - 75 years and over,"B17001030 - 75 years and over, Error",B17001031 - Income in the past 12 months at or above poverty level:,"B17001031 - Income in the past 12 months at or above poverty level:, Error",B17001032 - Male:,"B17001032 - Male:, Error",B17001033 - Under 5 years,"B17001033 - Under 5 years, Error",B17001034 - 5 years,"B17001034 - 5 years, Error",B17001035 - 6 to 11 years,"B17001035 - 6 to 11 years, Error",B17001036 - 12 to 14 years,"B17001036 - 12 to 14 years, Error",B17001037 - 15 years,"B17001037 - 15 years, Error",B17001038 - 16 and 17 years,"B17001038 - 16 and 17 years, Error",B17001039 - 18 to 24 years,"B17001039 - 18 to 24 years, Error",B17001040 - 25 to 34 years,"B17001040 - 25 to 34 years, Error",B17001041 - 35 to 44 years,"B17001041 - 35 to 44 years, Error",B17001042 - 45 to 54 years,"B17001042 - 45 to 54 years, Error",B17001043 - 55 to 64 years,"B17001043 - 55 to 64 years, Error",B17001044 - 65 to 74 years,"B17001044 - 65 to 74 years, Error",B17001045 - 75 years and over,"B17001045 - 75 years and over, Error",B17001046 - Female:,"B17001046 - Female:, Error",B17001047 - Under 5 years,"B17001047 - Under 5 years, Error",B17001048 - 5 years,"B17001048 - 5 years, Error",B17001049 - 6 to 11 years,"B17001049 - 6 to 11 years, Error",B17001050 - 12 to 14 years,"B17001050 - 12 to 14 years, Error",B17001051 - 15 years,"B17001051 - 15 years, Error",B17001052 - 16 and 17 years,"B17001052 - 16 and 17 years, Error",B17001053 - 18 to 24 years,"B17001053 - 18 to 24 years, Error",B17001054 - 25 to 34 years,"B17001054 - 25 to 34 years, Error",B17001055 - 35 to 44 years,"B17001055 - 35 to 44 years, Error",B17001056 - 45 to 54 years,"B17001056 - 45 to 54 years, Error",B17001057 - 55 to 64 years,"B17001057 - 55 to 64 years, Error",B17001058 - 65 to 74 years,"B17001058 - 65 to 74 years, Error",B17001059 - 75 years and over,"B17001059 - 75 years and over, Error"
04000US19,Iowa,2948498,635,360670,6495,160680,3323,19143,991,3298,421,19185,1059,7998,539,2817,352,5229,452,33328,1205,18907,963,14479,696,15091,774,11477,699,5075,354,4653,362,199990,3702,19721,1040,3322,365,18169,892,6873,537,2827,361,4755,481,43224,1311,27689,903,19763,812,17269,825,13732,744,7961,387,14685,553,2587828,6562,1297266,3373,80942,1050,15965,636,101919,1413,53515,1170,17611,699,36778,818,100806,1418,171706,1091,167495,834,199780,949,172916,820,100536,470,77297,567,1290562,4085,76241,984,17064,739,96764,1504,49785,1231,17605,677,35047,723,84601,1508,158642,1046,160814,812,199550,975,173494,763,110602,512,110353,802
05000US19001,"Adair County, IA",7452,57,739,151,323,97,26,19,6,7,86,53,11,12,0,14,14,14,20,17,6,8,20,18,73,42,14,10,17,16,30,16,416,82,13,16,8,12,42,22,10,14,0,14,0,14,46,25,83,31,15,13,64,30,20,13,36,23,79,33,6713,149,3369,100,180,19,19,21,199,54,140,40,40,18,119,21,250,17,383,20,373,17,551,44,501,10,327,22,287,34,3344,86,183,24,43,21,223,35,142,33,38,24,106,22,156,28,318,31,391,17,524,30,442,18,366,28,412,47
05000US19003,"Adams County, IA",3957,29,445,111,211,57,21,22,0,10,17,18,0,10,0,10,0,10,28,19,20,19,21,16,31,24,14,11,33,26,26,16,234,64,18,15,3,7,16,14,13,13,11,11,4,7,25,18,41,22,12,13,15,11,22,16,26,15,28,16,3512,114,1761,62,99,19,31,18,94,31,87,32,10,10,63,11,104,21,169,19,191,16,304,25,258,9,175,26,176,21,1751,64,84,15,46,24,81,30,57,22,4,7,69,14,111,21,164,17,185,19,312,11,254,14,193,15,191,29
05000US19005,"Allamakee County, IA",13893,124,1534,301,714,178,111,56,0,16,72,47,31,30,0,16,81,51,68,46,93,56,48,29,69,41,64,45,35,29,42,30,820,173,173,75,14,19,45,38,27,34,14,17,21,25,97,46,118,48,53,38,66,39,42,25,75,40,75,34,12359,342,6326,217,360,59,66,40,408,85,286,84,58,30,144,45,453,44,646,68,764,39,966,52,981,68,692,41,502,34,6033,209,263,57,66,39,452,80,234,67,66,40,206,40,376,65,570,66,690,47,944,57,984,54,637,44,545,81
05000US19007,"Appanoose County, IA",12669,59,1803,297,912,203,154,66,33,40,53,48,40,35,8,12,29,24,133,55,118,60,47,40,148,73,69,31,46,25,34,22,891,152,99,43,2,3,58,30,55,41,2,3,29,20,93,45,142,53,99,51,73,38,85,40,34,25,120,45,10866,302,5285,202,293,64,132,54,378,79,145,48,91,53,127,50,315,55,530,49,645,44,812,76,784,33,567,25,466,56,5581,176,282,52,66,41,325,68,254,67,86,39,129,41,381,50,510,54,604,52,865,44,834,43,618,25,627,54
05000US19009,"Audubon County, IA",5874,132,630,145,229,72,18,15,12,11,22,14,19,15,6,7,5,6,9,10,27,20,12,14,33,19,41,25,12,11,13,12,401,93,49,27,0,14,29,25,15,13,0,14,13,15,59,28,38,20,35,28,50,24,34,25,20,17,59,24,5244,191,2650,90,146,23,31,21,153,35,104,41,18,13,102,18,161,9,254,33,289,27,467,23,382,24,292,17,251,21,2594,134,101,27,33,32,173,53,87,38,55,24,85,23,120,31,207,20,285,29,437,29,353,27,313,18,345,77
05000US19011,"Benton County, IA",25786,82,2015,424,991,243,122,51,0,18,153,71,92,60,45,31,66,38,75,54,108,64,74,43,96,50,77,57,49,30,34,30,1024,232,82,60,9,14,133,63,52,37,5,9,11,14,102,47,155,63,173,74,98,45,85,51,32,25,87,39,23771,412,11886,246,673,51,248,132,982,167,467,115,189,56,360,61,864,49,1260,70,1621,58,2088,50,1512,59,923,28,699,46,11885,228,695,63,251,100,936,101,447,98,219,51,330,55,695,46,1276,74,1584,79,2008,58,1429,52,992,29,1023,67
05000US19013,"Black Hawk County, IA",124514,476,20539,1120,8952,629,1024,199,273,109,982,198,354,107,128,71,158,82,2805,404,988,205,559,131,821,207,531,139,151,53,178,71,11587,823,1269,220,124,65,884,261,470,125,145,61,254,105,3726,472,1559,203,910,211,936,178,585,119,212,67,513,113,103975,1133,52173,655,3186,204,548,123,3639,256,1753,209,721,136,1322,148,5410,395,7663,238,6337,178,7152,202,7172,162,4005,81,3265,94,51802,834,2818,225,642,157,3623,304,1598,208,681,154,1180,174,4202,425,6794,219,6196,216,7418,185,7420,134,4564,92,4666,147
05000US19015,"Boone County, IA",25606,209,2310,422,999,259,64,46,40,41,53,47,40,30,36,37,44,40,230,86,128,71,118,72,83,42,110,76,50,46,3,4,1311,260,98,58,57,59,99,51,17,19,15,19,44,24,202,115,199,96,168,65,170,80,87,52,58,44,97,57,23296,464,11795,269,646,59,172,65,896,136,548,112,147,61,418,75,779,90,1467,87,1452,82,1925,44,1647,71,948,46,750,29,11501,308,559,74,179,92,858,128,406,120,116,51,365,58,758,114,1362,126,1335,71,1874,84,1678,70,983,62,1028,113
05000US19017,"Bremer County, IA",22733,308,1698,330,556,145,29,24,8,14,110,54,22,18,0,18,29,21,108,59,51,33,58,38,65,60,25,23,36,28,15,12,1142,249,15,14,36,38,51,33,36,27,37,41,37,29,335,150,103,52,125,64,54,30,50,34,97,39,166,65,21035,417,10793,209,669,40,104,40,833,107,420,83,182,59,315,62,1002,137,1186,36,1351,43,1551,70,1520,44,977,37,683,53,10242,308,638,29,94,47,971,87,280,63,127,41,280,72,454,185,1100,66,1282,69,1599,47,1452,34,996,47,969,111
05000US19019,"Buchanan County, IA",20701,114,2219,480,981,279,180,99,10,13,112,63,51,46,12,17,71,55,169,81,48,28,92,48,122,61,42,27,49,27,23,20,1238,235,145,63,35,28,65,35,79,56,7,10,36,26,162,79,171,70,214,89,107,51,45,25,60,32,112,52,18482,502,9305,274,591,106,129,61,994,135,354,108,117,44,264,66,597,87,1135,34,1119,48,1439,64,1237,35,779,35,550,27,9177,263,629,75,69,33,735,108,481,117,142,44,267,50,599,84,1016,77,1055,90,1431,54,1226,31,803,33,724,79
05000US19021,"Buena Vista County, IA",18953,209,2403,465,960,225,170,87,2,4,81,47,105,71,11,11,66,70,116,64,81,54,81,38,100,69,73,37,22,12,52,38,1443,296,112,53,81,53,179,78,77,80,14,17,36,29,239,100,230,66,135,83,102,39,76,35,72,54,90,37,16550,483,8654,261,582,104,132,80,617,100,397,88,102,32,294,42,705,114,1220,90,976,64,1302,83,1191,78,566,59,570,71,7896,314,617,85,83,49,534,102,245,77,155,52,173,45,586,125,758,77,956,88,1332,78,977,44,601,47,879,67
05000US19023,"Butler County, IA",14636,59,1487,232,581,111,49,27,12,15,71,38,25,19,0,16,9,9,33,30,63,27,67,35,73,31,70,32,46,28,63,31,906,148,127,70,17,13,60,31,28,19,40,23,12,10,127,49,117,45,75,34,51,21,52,23,55,24,145,40,13149,238,6600,117,431,21,98,40,531,57,221,57,117,33,158,29,419,31,739,29,760,34,991,34,996,33,645,31,494,40,6549,157,371,73,62,31,533,59,258,48,78,31,179,37,331,54,660,47,746,35,1003,30,984,30,669,24,675,56
05000US19025,"Calhoun County, IA",9348,104,1290,259,550,137,55,29,5,5,77,34,38,30,26,30,20,15,97,60,9,9,73,48,73,40,30,20,22,17,25,15,740,152,81,38,20,19,74,38,30,26,2,5,4,6,127,72,113,52,84,42,34,17,34,38,47,30,90,30,8058,281,3987,151,207,29,20,13,232,41,167,44,60,26,95,29,223,61,397,50,411,42,611,64,707,27,449,28,408,42,4071,181,170,37,32,26,235,54,122,39,14,13,146,19,177,73,331,48,424,35,705,34,661,45,481,38,573,44
05000US19027,"Carroll County, IA",20301,125,1955,318,778,172,78,59,22,19,148,82,28,21,2,3,3,5,77,53,109,62,91,61,55,31,36,24,22,20,107,50,1177,203,149,81,25,28,147,70,59,36,25,28,37,33,127,59,109,60,78,63,102,67,68,39,23,13,228,64,18346,350,9087,179,661,77,147,64,648,118,379,84,147,50,281,53,632,54,979,62,1055,68,1587,54,1231,28,741,23,599,69,9259,246,516,81,85,43,711,113,377,78,151,69,277,66,530,66,1017,82,1040,63,1452,67,1207,43,881,26,1015,74
05000US19029,"Cass County, IA",13621,82,1735,311,726,165,65,32,3,4,118,70,38,26,37,31,27,18,115,61,90,54,44,21,70,35,98,47,1,4,20,17,1009,190,136,61,10,9,45,28,68,50,3,6,20,15,141,51,81,45,113,59,108,41,93,44,32,26,159,61,11886,334,6014,184,386,36,28,18,455,97,247,77,88,34,160,31,398,50,641,63,669,21,959,35,829,47,648,9,506,36,5872,200,282,62,69,41,438,65,160,49,95,41,157,42,314,56,603,45,581,55,957,46,837,46,695,36,684,80
05000US19031,"Cedar County, IA",18199,56,1502,379,711,171,95,57,4,5,78,33,27,22,6,8,47,34,79,43,93,51,43,37,51,27,55,37,70,53,63,32,791,240,67,45,50,47,128,84,22,20,11,8,8,8,118,58,104,55,70,32,47,25,40,26,54,46,72,34,16697,380,8172,189,474,58,150,61,673,81,307,74,147,56,225,58,506,46,888,54,1092,52,1389,37,1178,51,630,52,513,47,8525,236,491,52,141,60,656,104,286,80,185,49,188,50,420,49,876,54,1087,35,1432,28,1131,31,762,74,870,59
05000US19033,"Cerro Gordo County, IA",43012,241,6199,760,2618,415,383,126,14,33,256,128,191,110,25,28,54,39,320,121,316,128,426,151,239,100,198,86,155,100,41,30,3581,514,387,155,71,55,379,139,163,105,113,72,10,14,512,163,614,161,377,151,270,95,284,128,175,78,226,72,36813,758,18226,400,785,113,156,66,1202,185,749,159,233,78,506,95,1436,146,2149,145,2042,153,3172,117,2848,106,1509,112,1439,65,18587,516,888,156,113,64,1085,163,593,166,332,102,490,89,1061,172,1793,148,2110,136,3209,89,2909,134,1857,91,2147,106
05000US19035,"Cherokee County, IA",11617,166,793,201,305,97,31,24,2,3,42,24,5,7,0,16,6,9,61,59,67,40,32,32,18,12,15,14,7,6,19,16,488,129,26,25,0,16,39,29,11,9,6,8,5,7,153,81,39,25,28,15,28,25,31,16,63,47,59,34,10824,245,5529,106,282,30,51,32,388,80,231,69,59,19,199,27,396,18,523,64,532,36,971,27,900,22,501,17,496,46,5295,208,280,26,69,46,428,68,139,59,26,22,161,29,210,93,491,25,566,27,901,31,794,20,547,47,683,154
05000US19037,"Chickasaw County, IA",12213,54,1237,265,532,126,78,48,26,35,49,28,63,38,6,7,2,3,29,23,46,33,116,53,32,16,53,32,12,11,20,15,705,157,76,40,15,20,79,63,17,18,1,2,8,13,94,37,97,49,50,33,47,27,65,38,59,29,97,32,10976,273,5635,128,329,53,34,23,400,78,261,66,57,31,229,32,410,31,571,40,611,60,966,46,814,31,541,17,412,37,5341,172,292,43,125,48,303,76,208,70,52,26,194,30,287,40,506,55,605,34,869,39,775,44,556,29,569,46
05000US19039,"Clarke County, IA",9035,98,1121,340,437,187,67,51,6,8,40,44,23,44,0,14,9,11,38,50,90,80,53,50,28,39,48,38,5,7,30,32,684,217,194,135,0,14,3,5,10,13,0,14,2,4,137,81,62,54,16,17,94,63,46,33,74,54,46,30,7914,339,4093,256,169,50,100,74,286,95,141,63,61,33,106,34,360,148,623,173,412,62,664,73,544,42,380,56,247,35,3821,144,248,79,136,68,161,59,184,69,57,33,97,34,199,54,355,60,466,17,585,60,592,64,349,62,392,45
05000US19041,"Clay County, IA",16362,144,1682,390,731,211,72,49,30,30,47,32,60,45,13,20,3,6,55,75,159,98,20,19,128,63,61,46,32,31,51,37,951,241,123,91,12,21,140,83,11,12,15,17,7,11,84,67,164,65,88,57,121,55,52,38,50,47,84,49,14680,406,7239,208,475,61,40,37,511,89,332,88,96,61,211,64,520,79,814,100,919,49,1125,69,1034,46,618,32,544,50,7441,245,431,110,84,64,397,90,368,107,151,57,150,58,454,75,750,66,876,67,1110,57,1088,58,669,50,913,99
05000US19043,"Clayton County, IA",17679,97,2274,290,991,166,125,45,42,25,126,53,61,32,36,31,16,18,77,32,153,53,93,38,105,48,31,18,67,36,59,25,1283,193,168,64,43,33,110,66,55,26,1,3,32,28,191,46,192,60,131,61,82,42,94,43,55,22,129,32,15405,298,7913,170,402,45,84,35,610,77,248,56,140,37,188,44,554,35,712,50,925,47,1348,49,1299,36,776,38,627,46,7492,193,344,61,85,33,538,79,241,56,125,42,226,41,395,45,647,66,858,46,1337,46,1132,43,794,38,770,75
05000US19045,"Clinton County, IA",48307,172,6399,576,2935,397,195,77,21,20,567,164,231,109,34,32,176,84,352,159,256,101,312,128,242,126,254,86,220,99,75,45,3464,430,207,106,64,55,484,209,82,48,130,93,114,60,306,114,730,173,299,114,415,129,241,82,189,91,203,72,41908,604,20920,381,1301,94,217,88,1699,198,627,125,216,58,582,87,1572,174,2429,122,2485,144,3622,146,2982,105,1799,112,1389,69,20988,437,1216,74,244,96,1474,180,753,157,218,84,547,97,1495,99,2065,182,2587,128,3368,133,2909,97,1984,95,2128,118
05000US19047,"Crawford County, IA",16779,130,2497,510,1194,311,228,97,6,7,159,76,30,38,58,52,53,40,110,75,119,61,124,78,147,112,102,52,24,21,34,28,1303,292,102,57,8,8,148,81,24,19,6,11,135,88,182,126,196,95,154,96,53,34,82,42,96,58,117,44,14282,539,7285,307,402,102,106,64,660,116,291,95,60,35,236,78,677,102,885,87,843,89,1127,129,911,40,633,20,454,38,6997,302,519,58,88,60,645,97,242,66,109,35,151,63,446,119,733,106,773,87,1107,99,881,50,661,71,642,77
05000US19049,"Dallas County, IA",66421,146,4629,719,2059,438,501,233,36,32,258,194,65,31,79,59,58,52,345,134,121,72,173,107,173,101,152,72,51,30,47,30,2570,413,203,81,26,27,319,141,52,41,17,23,44,34,488,160,302,181,543,246,179,87,140,77,92,47,165,60,61792,731,30587,465,2430,223,415,117,3274,270,1395,235,458,135,772,156,1802,162,4904,142,5093,170,4236,188,3094,138,1677,76,1037,57,31205,421,2604,123,627,161,3018,266,1211,210,295,101,978,126,1547,148,5367,230,4756,273,4255,137,3282,112,1804,68,1461,86
05000US19051,"Davis County, IA",8541,69,1453,421,604,170,125,70,2,5,95,59,34,25,36,40,45,38,38,29,59,42,79,44,36,34,20,18,11,13,24,25,849,274,87,56,14,15,111,66,88,58,10,10,39,28,96,44,99,56,116,53,59,37,22,22,28,21,80,47,7088,423,3664,178,243,70,29,30,379,91,173,68,23,19,114,45,294,31,354,42,395,46,564,34,511,20,330,13,255,30,3424,272,275,57,55,29,296,73,127,42,15,16,112,31,218,43,340,57,340,53,526,37,478,21,374,31,268,55
05000US19053,"Decatur County, IA",7605,129,1512,250,709,147,102,45,15,10,84,46,30,24,0,14,15,15,121,58,75,34,29,19,80,34,67,39,50,28,41,28,803,148,64,32,0,14,37,34,19,16,0,14,19,18,182,84,90,35,69,45,92,44,99,44,28,14,104,50,6093,233,3007,151,165,47,17,16,230,62,144,46,115,35,60,34,154,66,295,35,387,24,438,35,453,44,291,28,258,35,3086,136,165,36,33,34,272,62,112,51,49,32,115,18,145,70,298,36,365,39,442,44,426,41,357,21,307,54
05000US19055,"Delaware County, IA",17401,110,1355,291,595,178,49,41,28,28,89,61,9,10,26,18,36,26,35,28,23,17,59,32,148,83,25,25,14,15,54,47,760,193,103,64,35,44,63,43,20,19,21,20,6,7,104,49,129,57,68,34,69,37,13,12,52,36,77,45,16046,314,8093,190,516,60,78,50,651,106,319,79,117,55,240,57,565,24,879,21,1013,45,1382,76,1100,33,700,15,533,51,7953,218,407,66,74,44,552,99,486,98,162,44,246,44,470,51,744,58,957,41,1406,37,1066,13,706,48,677,69
05000US19057,"Des Moines County, IA",39499,142,5724,685,2252,386,99,69,41,36,408,159,126,85,71,57,112,76,400,166,225,109,202,89,317,119,119,53,84,36,48,30,3472,438,483,197,34,40,258,132,53,35,10,13,69,47,394,123,503,136,486,130,384,140,344,113,150,55,304,80,33775,677,16874,412,1046,122,205,99,1209,208,700,183,184,73,513,87,1080,161,2051,137,2098,117,2555,135,2509,73,1608,58,1116,57,16901,425,795,89,219,74,1358,203,586,138,248,73,399,72,1050,104,1854,157,1815,117,2594,117,2509,141,1718,64,1756,98
05000US19059,"Dickinson County, IA",16471,105,1295,410,574,218,49,36,0,16,10,12,44,66,1,4,65,71,126,106,54,48,15,14,141,97,26,22,11,10,32,18,721,228,99,80,0,16,23,32,11,14,1,2,18,16,153,74,50,36,70,64,105,52,123,59,12,16,56,35,15176,397,7648,222,370,39,53,36,341,71,463,78,69,42,139,62,408,95,836,44,910,33,1080,98,1356,29,899,48,724,39,7528,222,278,84,46,31,539,65,220,57,117,38,139,37,312,74,753,38,795,68,1147,53,1262,62,980,39,940,86
05000US19061,"Dubuque County, IA",90037,448,9248,868,3732,442,480,153,159,81,465,155,204,93,25,24,112,56,555,166,464,145,315,122,394,110,259,93,134,65,166,63,5516,599,454,129,91,58,668,183,137,72,73,50,137,88,817,167,797,175,550,140,564,146,352,77,166,63,710,162,80789,866,40621,547,2522,163,600,137,3031,230,1769,234,572,114,1152,140,3181,243,5162,201,5281,142,6381,169,5356,101,3190,71,2424,93,40168,560,2430,127,528,121,3087,279,1476,170,497,113,1241,155,2817,201,4657,199,4876,180,6167,157,5557,80,3533,77,3302,216
05000US19063,"Emmet County, IA",9605,156,998,263,494,163,93,70,8,13,47,36,18,25,22,25,13,16,69,57,80,70,39,30,61,36,24,22,0,16,20,17,504,154,93,62,8,12,32,33,2,3,0,16,4,7,10,11,121,67,53,46,39,24,49,39,36,28,57,36,8607,300,4428,203,259,88,100,55,272,71,113,46,22,22,102,38,402,91,636,119,460,32,644,41,645,27,405,14,368,21,4179,207,197,60,26,22,380,66,165,44,89,45,89,37,286,47,391,58,438,71,640,26,609,34,397,41,472,83
05000US19065,"Fayette County, IA",20121,218,2562,436,1195,234,81,62,49,52,154,86,72,49,7,9,6,8,271,120,101,50,114,60,104,54,113,41,46,35,77,37,1367,268,122,59,13,20,137,64,56,40,2,3,57,46,177,75,174,76,151,71,85,49,106,54,56,30,231,62,17559,472,8718,243,530,66,54,29,699,81,313,74,111,39,299,44,594,104,854,59,993,71,1513,50,1233,40,829,40,696,51,8841,296,450,48,81,48,563,86,426,84,148,49,238,50,676,102,794,78,942,76,1414,54,1221,56,1008,34,880,77
05000US19067,"Floyd County, IA",15879,112,1951,291,793,167,110,41,22,16,43,25,47,35,0,16,34,33,189,92,75,42,93,47,82,53,28,27,26,21,44,31,1158,174,148,67,11,14,105,48,22,13,19,17,31,41,244,81,169,62,68,38,50,33,125,51,72,48,94,45,13928,328,7033,182,405,37,85,35,687,81,160,62,68,32,285,48,377,90,720,52,825,35,1069,52,1055,37,721,21,576,39,6895,207,276,76,58,46,557,96,291,59,53,31,244,45,338,75,675,67,834,37,1093,39,999,54,731,54,746,83
05000US19069,"Franklin County, IA",10506,71,1222,281,469,163,51,42,11,17,155,71,19,22,0,16,22,20,38,32,26,17,84,68,29,21,16,13,10,12,8,8,753,167,84,66,11,13,91,34,16,19,6,9,6,9,84,38,186,96,28,24,23,18,116,57,41,44,61,31,9284,293,4763,155,260,46,53,28,364,60,143,54,31,31,171,38,384,101,572,85,537,86,712,16,740,46,429,15,367,39,4521,196,253,67,68,43,382,65,122,46,64,34,125,38,202,28,413,56,529,55,773,89,590,57,449,45,551,55
05000US19071,"Fremont County, IA",7185,65,654,128,338,80,38,22,8,5,37,22,16,12,16,14,11,10,27,17,22,15,30,23,50,23,18,13,14,12,51,31,316,67,12,10,10,8,25,13,19,16,0,14,12,12,45,24,33,19,29,17,24,14,23,11,31,20,53,23,6531,148,3216,98,170,27,18,13,225,42,139,34,68,22,72,22,235,25,316,26,369,25,529,33,538,15,315,13,222,52,3315,92,222,14,61,26,222,34,101,25,59,24,80,27,181,27,308,21,349,21,551,19,517,24,311,30,353,45
05000US19073,"Greene County, IA",9142,83,1042,242,453,121,44,31,10,12,52,33,11,11,41,36,21,22,55,30,28,31,85,54,17,14,27,19,24,20,38,28,589,157,26,27,34,41,48,44,24,35,26,33,2,4,100,44,80,33,47,27,72,42,55,32,35,31,40,24,8100,261,4056,132,209,30,105,60,296,75,179,76,39,25,128,46,272,34,429,29,400,59,670,14,623,22,375,20,331,33,4044,170,211,29,18,16,241,54,190,53,60,31,93,34,191,42,365,25,442,27,653,43,577,34,446,59,557,60
05000US19075,"Grundy County, IA",12283,34,804,209,341,108,13,15,11,14,93,43,53,30,17,21,0,16,11,11,25,19,40,28,29,22,13,11,7,7,29,25,463,133,23,24,13,14,59,32,36,41,0,16,3,6,69,37,61,30,80,40,18,19,22,19,7,10,72,35,11479,212,5712,104,361,26,95,32,419,60,157,48,79,41,187,40,421,12,616,18,700,33,908,21,816,16,553,13,400,37,5767,142,402,41,87,40,403,65,182,49,65,28,209,37,314,37,583,34,630,41,936,20,790,21,585,12,581,54
05000US19077,"Guthrie County, IA",10653,89,982,216,396,103,34,26,12,14,52,36,49,33,1,2,16,12,32,28,62,31,60,31,20,14,18,13,24,20,16,14,586,141,20,16,2,5,82,55,29,19,22,29,25,27,50,34,81,43,56,38,59,30,41,28,45,23,74,26,9671,231,4911,111,253,25,55,33,336,53,223,55,74,34,170,33,274,26,454,34,593,35,853,21,770,21,500,20,356,38,4760,160,262,22,57,37,391,66,145,45,63,27,125,31,210,37,433,48,572,37,764,37,729,34,518,25,491,59
05000US19079,"Hamilton County, IA",15299,123,1788,365,803,192,87,49,10,16,251,92,43,39,10,15,14,21,77,50,78,47,44,48,24,18,114,75,20,22,31,25,985,218,57,31,0,16,123,57,90,54,2,5,31,30,61,34,165,76,135,74,130,77,20,13,40,28,131,55,13511,388,6815,215,336,76,57,32,374,117,338,115,110,61,206,61,523,78,814,77,889,67,1175,23,853,75,579,23,561,34,6696,240,363,9,177,87,508,88,140,52,89,33,163,39,449,69,666,38,758,74,1007,79,965,24,670,68,741,75
05000US19081,"Hancock County, IA",11107,61,1071,263,529,139,78,34,55,37,75,36,27,24,6,6,4,6,9,14,98,50,81,50,9,10,33,22,36,32,18,15,542,153,64,43,0,16,64,54,23,30,0,16,12,14,66,45,120,54,23,16,28,17,41,27,6,6,95,31,10036,261,5033,135,250,33,26,20,444,70,188,61,86,28,134,32,316,17,495,58,554,54,919,25,811,41,457,33,353,32,5003,169,284,45,36,21,280,74,255,64,91,28,139,33,252,47,450,52,559,21,877,25,742,45,518,21,520,59
05000US19083,"Hardin County, IA",16656,163,1591,305,677,163,77,43,2,3,81,52,17,17,0,16,16,13,73,48,82,62,132,70,39,24,113,51,15,13,30,20,914,184,74,43,7,9,87,41,27,18,25,21,23,27,96,44,140,71,99,44,75,36,117,49,86,37,58,32,15065,353,7570,229,498,80,88,53,606,99,305,94,146,60,228,80,445,79,753,74,839,58,1245,49,1004,50,727,14,686,65,7495,219,395,43,85,52,542,94,305,79,56,29,216,43,421,57,697,70,772,47,1176,41,990,65,821,38,1019,65
05000US19085,"Harrison County, IA",14491,146,1429,248,623,148,70,37,7,9,114,52,38,30,18,20,39,26,41,32,51,28,51,33,92,42,21,16,42,46,39,26,806,131,56,26,8,7,48,24,33,24,13,16,25,19,120,48,64,27,86,39,119,42,61,32,64,25,109,31,13062,278,6574,160,383,51,47,26,530,79,251,52,86,38,211,44,479,33,669,30,858,37,1090,46,988,21,565,51,417,48,6488,165,361,34,62,26,532,62,268,58,60,22,249,30,349,49,661,30,794,42,1080,44,887,36,612,30,573,70
05000US19087,"Henry County, IA",19153,242,3304,429,1519,259,224,69,36,28,193,86,142,62,52,45,69,43,68,44,166,85,166,78,129,63,189,90,43,35,42,42,1785,260,140,63,65,63,133,69,44,33,25,20,39,31,309,97,320,121,212,95,190,77,133,56,32,26,143,62,15849,500,8044,343,387,73,81,41,511,100,348,80,164,77,175,48,567,116,1092,127,1029,80,1254,76,1169,135,740,41,527,67,7805,243,394,89,92,57,631,99,266,74,136,40,176,38,499,102,776,98,991,103,1145,87,1211,55,765,28,723,77
05000US19089,"Howard County, IA",9361,90,1045,228,428,126,104,51,14,16,72,43,17,15,4,6,12,12,48,50,55,32,2,4,55,42,17,18,3,5,25,22,617,128,92,52,3,5,0,14,0,14,7,10,6,8,106,48,54,35,40,23,66,38,36,25,41,32,166,46,8316,247,4193,146,237,54,47,29,255,85,260,67,27,35,187,17,233,50,479,31,508,7,664,44,577,19,395,13,324,40,4123,140,254,60,48,26,380,68,189,55,54,26,138,28,248,60,449,36,455,26,639,44,512,29,375,46,382,58
05000US19091,"Humboldt County, IA",9588,108,1071,275,359,119,40,28,28,37,55,35,19,20,2,3,2,5,22,21,60,37,39,29,30,18,19,18,12,14,31,25,712,201,42,23,13,12,112,62,61,49,4,6,3,4,104,49,126,68,56,37,75,45,20,14,62,28,34,18,8517,279,4367,142,252,34,44,27,338,69,120,54,88,36,91,36,325,27,507,50,470,34,698,28,613,26,403,14,418,30,4150,196,271,50,26,24,222,76,189,68,58,28,107,27,251,35,340,76,448,40,691,45,581,15,403,32,563,43
05000US19093,"Ida County, IA",6907,71,898,179,374,94,26,20,5,7,62,40,27,24,15,15,40,17,29,20,47,27,17,15,14,12,49,25,21,26,22,15,524,116,23,18,6,7,44,30,24,23,18,17,16,18,79,34,79,34,51,36,75,40,46,21,18,17,45,18,6009,195,3137,101,235,28,40,24,213,43,131,31,31,19,65,22,196,33,315,27,357,26,516,13,472,22,284,19,282,32,2872,136,192,21,24,14,203,40,80,30,22,13,78,28,141,28,264,34,291,36,462,41,425,23,307,17,383,31
05000US19095,"Iowa County, IA",15986,120,1578,333,795,246,132,71,53,43,92,49,22,18,9,10,2,4,115,59,136,70,59,37,60,39,60,35,27,23,28,25,783,135,88,38,8,8,69,39,21,17,8,13,3,7,106,60,181,60,62,38,47,32,57,32,42,31,91,37,14408,336,7145,229,330,71,59,33,584,80,280,72,144,50,242,53,420,57,747,80,927,61,1310,44,1030,47,583,23,489,41,7263,175,416,45,95,53,632,98,282,70,119,42,244,43,389,60,650,61,924,44,1282,40,905,42,631,44,694,89
05000US19097,"Jackson County, IA",19554,76,2404,415,1088,219,71,42,7,8,107,50,97,62,57,40,75,40,151,89,162,73,49,32,119,51,97,37,57,34,39,25,1316,242,119,74,30,44,81,53,51,38,38,27,38,31,128,60,145,71,159,68,127,60,136,54,120,42,144,58,17150,429,8612,232,467,39,64,35,713,77,358,69,93,34,243,60,546,92,854,63,1103,35,1473,52,1267,35,838,38,593,51,8538,245,426,73,91,37,577,78,389,82,97,32,263,43,507,60,783,71,1026,70,1458,62,1195,48,860,45,866,68
05000US19099,"Jasper County, IA",34851,250,4376,706,1767,382,108,86,89,64,299,113,171,130,34,44,71,64,95,50,145,55,347,108,132,73,201,95,36,30,39,27,2609,403,107,52,24,31,222,122,116,89,78,71,63,41,193,87,339,119,517,142,272,128,258,86,190,68,230,70,30475,769,15536,430,923,103,215,79,1026,159,691,135,131,48,501,82,1214,61,1791,87,1919,137,2579,103,2159,99,1358,61,1029,64,14939,451,877,63,156,71,1040,140,609,141,139,49,455,58,954,90,1611,117,1657,135,2526,145,2128,90,1457,68,1330,105
05000US19101,"Jefferson County, IA",15457,369,2287,562,1017,250,133,77,12,17,106,88,68,60,10,14,64,52,102,71,75,54,118,80,170,96,79,69,70,46,10,15,1270,388,64,48,0,16,157,186,38,29,15,20,74,72,157,86,147,82,155,91,100,49,160,68,108,65,95,74,13170,596,6616,351,275,86,78,53,365,97,244,87,47,36,209,102,326,134,757,88,714,139,1055,116,1588,76,543,53,415,42,6554,377,265,53,102,87,526,132,224,122,93,60,165,118,325,126,643,135,639,91,1079,60,1330,76,569,51,594,69
05000US19103,"Johnson County, IA",123393,561,21737,1410,10865,727,670,169,126,85,611,207,298,120,120,79,178,98,6046,412,1169,188,796,229,429,179,243,93,139,67,40,29,10872,930,445,170,115,87,623,179,240,112,85,82,131,68,6143,478,1367,280,678,144,428,150,303,123,113,69,201,78,101656,1487,50770,763,3497,174,588,138,3582,265,1819,260,508,137,1167,149,5257,472,10084,237,6729,253,6838,213,6067,119,2819,96,1815,62,50886,970,3404,170,695,143,3175,268,1950,262,546,122,1078,135,4730,528,9234,283,6687,184,7125,176,6460,131,3119,116,2683,112
05000US19105,"Jones County, IA",19276,259,1655,287,718,156,104,57,18,18,93,48,42,31,0,18,19,21,76,41,100,52,63,40,76,53,61,40,44,48,22,20,937,175,82,48,8,12,104,76,26,28,23,24,47,27,117,58,132,50,70,40,77,38,71,36,52,30,128,48,17621,359,8765,221,459,57,151,55,536,93,470,74,119,45,320,48,509,61,937,80,1027,96,1454,73,1322,69,798,58,663,43,8856,223,492,49,122,64,606,106,347,86,78,52,265,53,556,82,899,54,1129,61,1446,58,1235,42,830,30,851,87
05000US19107,"Keokuk County, IA",10271,92,1236,175,561,96,63,27,3,5,57,26,19,17,9,10,12,10,64,25,36,22,61,33,91,34,80,39,17,11,49,31,675,105,31,17,4,5,56,37,28,19,14,12,20,27,60,30,96,38,45,22,75,28,110,43,33,18,103,33,9035,203,4576,105,231,34,50,25,412,48,163,40,58,21,148,22,304,25,511,28,528,35,781,39,617,39,419,13,354,33,4459,138,265,20,28,18,384,57,148,42,97,27,108,27,262,30,429,40,501,22,747,28,558,45,456,23,476,74
05000US19109,"Kossuth County, IA",15193,64,1266,222,494,127,59,47,4,4,47,37,37,21,27,21,13,11,37,29,44,29,77,35,88,41,34,20,10,9,17,11,772,138,101,53,4,4,54,35,36,25,8,13,0,16,74,37,97,45,89,38,84,37,103,41,20,16,102,41,13927,232,7031,135,426,47,39,21,513,60,293,62,96,25,195,31,461,33,677,34,677,36,1170,46,1085,31,710,16,689,40,6896,144,273,56,125,45,454,54,291,60,115,34,228,37,378,39,623,47,691,36,1137,38,955,53,818,32,808,61
05000US19111,"Lee County, IA",34486,202,5087,644,2048,314,224,93,39,26,345,123,87,60,12,17,38,39,248,102,242,91,177,72,359,112,179,69,40,31,58,33,3039,446,400,112,31,37,349,109,106,62,29,31,91,60,370,110,356,128,295,90,352,114,300,90,150,60,210,60,29399,666,15127,319,867,115,93,49,950,156,615,142,269,79,406,87,1233,116,1741,127,1845,114,2385,122,2340,79,1390,48,993,58,14272,453,504,107,156,58,815,136,670,150,254,81,282,81,958,128,1508,142,1665,94,2316,121,2258,122,1461,78,1425,107
05000US19113,"Linn County, IA",206909,437,20662,1187,8922,617,904,197,112,63,1129,231,348,133,129,84,240,96,2039,355,934,193,880,184,822,197,854,191,336,116,195,98,11740,829,1289,288,91,45,687,189,413,142,145,63,270,134,2979,332,1596,249,1020,198,1159,228,847,177,515,132,729,169,186247,1329,92992,702,6127,197,1338,239,7840,395,3694,344,1169,166,2834,195,7207,377,13589,212,12957,260,14169,232,11041,192,6351,128,4676,127,93255,892,5482,293,1235,225,7675,393,3945,372,1297,199,2552,219,6093,359,12666,260,12882,211,13872,245,11682,204,7180,157,6694,230
05000US19115,"Louisa County, IA",11267,65,1328,251,608,148,42,22,16,14,113,41,68,41,25,23,3,5,39,30,67,32,50,34,107,56,33,20,16,17,29,38,720,145,69,31,12,14,70,36,72,37,17,21,18,14,109,40,108,39,96,40,26,21,37,20,36,25,50,27,9939,248,5120,147,288,24,99,39,401,87,217,63,96,29,155,26,420,33,586,44,656,39,824,59,692,30,420,16,266,48,4819,149,258,32,50,26,376,64,229,50,65,30,179,32,274,49,539,37,579,41,833,23,634,25,436,25,367,45
05000US19117,"Lucas County, IA",8719,72,1533,296,708,160,101,45,19,17,103,63,19,20,7,8,16,21,68,37,58,45,91,46,83,42,75,40,17,11,51,42,825,175,89,53,19,20,68,48,2,4,10,12,24,25,138,55,125,52,81,65,63,33,70,34,28,24,108,40,7186,284,3634,165,159,44,110,56,222,63,153,53,72,33,121,37,243,51,336,47,404,48,586,33,555,42,408,13,265,47,3552,174,163,54,34,25,317,76,110,53,20,21,146,33,139,54,292,56,386,65,612,37,518,35,412,28,403,49
05000US19119,"Lyon County, IA",11415,67,1058,262,489,160,63,47,10,11,64,53,35,34,1,2,19,17,48,25,52,36,17,15,63,35,51,35,6,8,60,33,569,142,22,20,14,9,85,52,18,14,13,13,9,12,49,30,109,48,25,17,74,38,28,17,61,24,62,29,10357,273,5243,159,405,46,107,39,528,56,193,45,102,34,139,36,364,27,627,42,631,16,787,49,638,36,389,9,333,41,5114,158,443,37,75,34,436,62,190,46,83,28,136,33,329,32,538,48,624,25,683,39,683,22,392,24,502,61
05000US19121,"Madison County, IA",15355,85,1410,396,755,248,72,79,0,16,154,112,14,13,20,28,25,26,31,35,145,102,88,59,85,47,74,48,31,29,16,16,655,208,112,97,0,16,88,81,5,8,5,7,7,8,63,55,61,47,51,43,56,43,128,63,25,28,54,38,13945,404,6894,246,479,81,86,42,624,118,386,100,134,52,184,53,425,43,656,100,990,62,1087,51,920,49,546,36,377,33,7051,225,399,96,160,72,555,89,339,101,66,36,258,36,380,55,763,46,1070,50,1114,47,841,67,623,34,483,64
05000US19123,"Mahaska County, IA",21770,175,3562,479,1707,279,140,99,10,11,242,137,108,55,23,19,67,50,430,130,167,72,144,62,115,67,146,67,80,58,35,28,1855,289,95,48,39,29,204,90,51,36,17,18,36,23,415,163,244,111,150,66,228,90,163,57,68,40,145,53,18208,508,9189,277,578,99,126,52,649,94,543,110,120,57,208,76,569,131,1120,73,1124,62,1511,59,1245,72,735,60,661,34,9019,308,607,36,83,41,678,96,353,97,126,39,246,36,500,144,1081,118,1107,66,1341,101,1214,75,804,42,879,77
05000US19125,"Marion County, IA",31672,350,2866,436,1317,261,218,89,61,74,118,81,41,32,31,24,53,45,118,64,139,79,111,75,90,50,215,78,97,50,25,18,1549,267,80,52,14,19,93,43,93,91,27,31,44,36,251,88,243,101,118,65,236,95,114,53,122,47,114,49,28806,518,14342,301,990,88,220,101,1262,139,591,106,185,77,503,103,887,182,1686,88,1881,105,2299,61,1752,86,1165,66,921,48,14464,353,911,52,221,88,1040,170,798,143,257,71,370,68,836,188,1581,110,1875,85,2070,92,1888,66,1243,50,1374,83
05000US19127,"Marshall County, IA",39303,249,5088,755,2430,387,289,104,102,52,289,115,193,74,115,63,38,29,244,96,312,123,227,110,312,94,196,73,96,52,17,19,2658,432,287,96,80,54,270,156,93,52,22,30,65,39,410,121,393,113,293,102,294,91,181,68,71,37,199,73,34215,859,17251,452,1167,115,258,94,1409,204,660,143,196,81,590,108,1439,99,2128,157,1972,119,2435,127,2453,93,1377,87,1167,82,16964,503,1097,139,322,95,1184,135,633,124,190,67,562,81,1136,148,1880,134,1953,106,2568,103,2372,72,1575,68,1492,135
05000US19129,"Mills County, IA",14668,130,1120,334,576,214,76,40,0,16,25,27,16,11,2,3,18,12,50,35,126,99,40,35,42,25,103,66,64,42,14,13,544,168,35,30,13,19,34,28,27,24,0,16,36,37,53,35,76,46,43,28,121,66,22,18,43,35,41,23,13548,371,6750,257,390,51,128,51,604,78,311,101,135,36,203,42,461,37,588,93,921,50,1153,31,1016,74,501,59,339,19,6798,177,409,39,34,29,628,108,310,107,127,49,161,59,360,46,748,44,868,39,1094,66,1098,42,505,43,456,56
05000US19131,"Mitchell County, IA",10506,92,749,173,261,89,55,43,11,12,11,12,18,29,0,16,0,16,29,23,35,19,23,20,29,30,17,15,17,17,16,14,488,113,28,30,0,16,27,24,13,11,20,23,29,23,111,42,44,22,20,18,52,29,31,20,63,32,50,27,9757,198,4931,109,273,43,48,28,367,80,276,73,79,43,154,43,360,23,493,43,531,20,804,14,663,26,442,23,441,37,4826,142,258,30,74,36,399,72,219,68,57,30,146,32,246,42,415,22,538,18,772,48,609,25,495,47,598,67
05000US19133,"Monona County, IA",8955,123,1072,335,422,166,42,42,0,14,52,46,6,5,4,6,6,6,71,52,40,32,67,47,49,27,19,13,43,42,23,13,650,189,14,25,25,32,126,79,31,34,0,14,3,4,87,48,48,35,66,45,70,41,70,30,47,22,63,32,7883,357,4039,211,209,66,15,12,294,57,213,48,78,32,100,31,228,43,379,38,406,64,657,36,650,15,450,41,360,35,3844,182,218,14,34,36,205,76,120,49,38,23,144,23,173,37,351,35,370,46,638,42,529,32,450,26,574,74
05000US19135,"Monroe County, IA",7775,70,1012,275,382,118,27,25,0,14,19,26,7,13,0,14,24,24,58,38,25,32,36,40,52,31,85,48,35,29,14,20,630,178,32,26,10,15,49,43,15,23,0,14,29,29,127,62,74,52,46,40,111,62,53,30,37,41,47,31,6763,291,3525,130,228,39,70,49,265,59,160,59,40,29,111,41,268,67,376,32,437,40,519,42,460,47,325,31,266,31,3238,190,182,26,40,36,275,69,94,42,51,31,97,37,124,62,363,62,433,46,453,62,500,49,347,41,279,37
05000US19137,"Montgomery County, IA",10471,124,1693,259,781,167,40,30,25,24,74,48,39,27,56,44,73,45,64,50,69,45,39,23,178,89,77,43,14,14,33,25,912,168,92,58,2,5,100,60,10,8,7,7,17,21,133,40,130,63,83,35,122,59,90,40,30,35,96,46,8778,287,4345,170,236,27,19,15,335,68,213,56,32,26,96,36,272,58,425,29,549,26,668,64,713,43,407,17,380,28,4433,180,202,40,88,43,295,52,178,46,34,25,178,33,192,37,344,63,551,34,667,68,679,74,496,19,529,93
05000US19139,"Muscatine County, IA",41893,273,6333,960,2624,559,486,150,28,35,537,256,132,81,49,45,156,72,223,130,324,125,266,88,198,103,115,78,70,39,40,33,3709,478,582,158,54,50,333,121,226,122,1,2,92,62,699,144,575,160,329,106,236,96,264,108,125,65,193,70,35560,953,18140,586,1022,152,223,80,1432,230,602,137,251,86,535,100,1501,127,2263,159,2436,116,2976,119,2612,90,1317,45,970,69,17420,496,852,148,205,108,1346,193,662,149,306,93,635,104,978,155,1961,159,2362,108,2871,96,2408,105,1479,74,1355,90
05000US19141,"O'Brien County, IA",13896,120,1552,347,787,191,116,54,7,11,87,55,29,24,9,10,6,7,83,65,81,52,59,59,147,78,97,45,7,7,59,32,765,198,103,55,12,18,64,39,52,37,7,12,20,14,81,42,62,39,101,52,50,25,110,51,7,6,96,34,12344,369,6124,200,308,54,124,63,369,112,382,136,54,42,228,43,421,72,732,63,648,63,954,67,838,46,544,35,522,47,6220,224,285,48,46,27,388,77,286,56,38,24,233,35,360,48,628,55,620,60,1027,20,839,40,619,10,851,80
05000US19143,"Osceola County, IA",6289,70,586,177,237,84,58,35,1,3,32,25,9,8,0,14,8,9,8,13,24,18,10,11,15,15,34,20,20,19,18,16,349,112,34,22,0,14,65,35,10,13,0,14,2,3,26,18,65,36,13,16,18,16,56,35,20,17,40,30,5703,185,2876,103,128,28,34,26,227,47,91,44,39,26,83,26,240,27,338,49,353,28,489,15,372,20,245,19,237,25,2827,128,188,48,68,31,185,46,81,30,36,24,90,22,171,25,272,32,322,23,470,15,318,40,285,23,341,70
05000US19145,"Page County, IA",14586,218,1834,298,738,153,175,98,8,8,47,35,59,52,15,15,8,8,69,33,119,53,39,27,67,35,80,53,28,29,24,22,1096,196,85,50,8,15,57,26,26,23,27,26,25,24,180,83,150,91,110,40,87,38,73,46,122,48,146,60,12752,329,6301,211,241,98,39,25,480,91,261,70,89,42,148,53,405,56,619,105,776,88,1017,51,1034,57,657,36,535,36,6451,197,388,78,65,44,406,63,252,63,81,36,173,50,329,69,614,73,682,53,1022,60,1001,41,627,50,811,79
05000US19147,"Palo Alto County, IA",9058,79,1002,185,518,113,34,23,2,3,37,30,24,25,0,14,0,14,177,76,62,40,9,10,59,34,57,37,15,13,42,26,484,112,29,30,6,9,45,25,8,12,0,14,5,7,72,35,68,35,51,33,49,34,38,21,21,18,92,49,8056,204,4079,125,273,27,92,37,307,44,162,45,73,27,120,29,255,81,426,43,442,18,649,37,547,56,357,12,376,27,3977,136,250,30,53,35,257,42,118,32,64,34,86,34,261,43,433,40,419,28,583,35,547,21,410,32,496,69
05000US19149,"Plymouth County, IA",24531,113,1281,285,487,138,32,23,4,6,79,55,4,6,9,20,29,24,47,35,62,43,30,32,58,43,62,40,20,22,51,24,794,177,67,33,18,24,98,49,6,6,7,7,26,33,131,57,87,47,30,22,80,51,81,48,15,20,148,77,23250,323,11632,182,787,46,110,52,927,118,705,119,110,50,409,52,757,47,1232,46,1487,53,1894,50,1567,48,917,27,730,50,11618,206,689,56,223,78,803,115,562,104,171,56,448,68,640,65,1226,51,1402,34,1901,60,1487,51,999,35,1067,98
05000US19151,"Pocahontas County, IA",7127,50,982,200,465,132,44,25,14,14,64,43,47,32,20,23,11,14,16,13,56,33,35,21,54,26,81,31,11,8,12,13,517,101,27,19,5,8,51,29,10,9,2,3,20,15,71,29,76,26,53,31,54,26,42,23,26,13,80,46,6145,209,3107,130,144,25,37,26,181,49,120,49,41,22,111,30,230,10,258,38,306,22,583,40,450,29,332,17,314,24,3038,108,153,19,24,15,208,33,111,37,35,22,84,24,152,23,220,25,333,35,545,27,412,38,377,12,384,62
05000US19153,"Polk County, IA",423582,580,47976,2595,21112,1416,3015,433,458,146,2651,367,1141,221,342,128,659,206,3211,495,2978,436,2218,323,2047,311,1554,260,474,139,364,118,26864,1566,3302,407,636,206,2777,389,951,232,458,172,633,159,5556,453,3803,427,3146,412,2119,270,1867,250,728,159,888,154,375606,2657,187235,1443,13477,439,2503,276,16194,671,7899,503,2704,361,4904,354,14749,564,30460,436,27772,334,27277,318,20980,292,11047,167,7269,155,188371,1682,12571,416,2416,323,14771,682,7278,569,2324,294,4643,292,12908,562,30060,421,26293,412,28143,276,22605,230,12687,169,11672,247
05000US19155,"Pottawattamie County, IA",90674,424,11947,1067,5235,580,697,185,170,88,768,204,316,106,122,73,179,79,744,178,661,201,486,143,431,124,330,99,140,63,191,89,6712,651,801,187,62,38,690,198,200,72,103,63,138,65,1024,169,1003,195,730,155,787,144,351,90,289,75,534,133,78727,1049,39002,609,2359,201,391,110,2914,270,1519,226,506,104,1149,149,3172,279,5180,208,5059,176,6206,153,5301,120,3098,80,2148,116,39725,625,2205,177,493,133,2653,279,1689,220,655,135,1018,127,2987,201,4690,203,4807,148,6306,143,5749,117,3407,67,3066,151
05000US19157,"Poweshiek County, IA",17131,208,1913,390,780,202,77,41,24,28,100,62,12,19,6,5,4,6,151,79,113,66,46,29,138,79,35,26,1,3,73,45,1133,254,72,42,27,22,56,39,3,4,0,16,65,72,301,113,102,50,93,39,125,74,140,76,49,27,100,73,15218,464,7689,242,445,67,81,42,612,100,342,89,153,48,194,50,465,110,767,75,932,47,1155,82,1123,30,812,28,608,63,7529,318,362,46,129,67,517,102,324,80,167,101,163,67,322,151,754,70,869,42,1232,80,1081,78,824,33,785,98
05000US19159,"Ringgold County, IA",4995,50,674,233,274,109,17,18,44,37,51,35,0,14,8,10,0,14,4,8,38,31,15,15,25,17,16,12,16,14,40,22,400,132,69,43,9,12,72,58,6,10,5,7,5,7,25,17,7,7,53,26,20,15,26,17,19,14,84,29,4321,231,2198,113,167,39,20,16,143,50,116,49,44,21,48,18,161,5,192,32,240,14,319,17,322,12,239,14,187,35,2123,139,85,42,43,27,122,39,72,34,61,31,61,22,131,22,216,7,189,28,329,18,310,17,250,15,254,37
05000US19161,"Sac County, IA",10069,85,914,153,374,68,81,35,0,16,37,21,21,10,18,17,6,6,15,15,58,26,23,14,33,21,57,27,11,9,14,10,540,118,40,27,8,11,75,38,1,3,1,2,4,7,56,25,97,34,54,28,39,20,57,32,24,15,84,29,9155,147,4602,93,224,30,62,26,346,48,179,47,46,18,137,24,307,19,428,31,539,38,781,25,674,32,441,10,438,28,4553,111,266,21,71,24,307,48,184,35,53,20,137,20,202,27,352,35,488,30,731,23,670,31,476,20,616,56
05000US19163,"Scott County, IA",162321,424,20459,1403,9331,815,1168,230,154,82,1360,270,488,152,197,80,316,126,1338,246,1540,308,782,173,887,209,708,164,229,89,164,68,11128,744,1145,174,317,149,1161,269,419,143,230,95,251,69,1886,262,1769,267,1162,191,957,161,970,223,326,112,535,112,141862,1417,70216,835,4453,232,1000,178,5294,354,3049,332,981,170,1974,211,5318,297,9276,324,9618,191,10937,222,9560,179,5208,121,3548,110,71646,769,4243,169,1053,191,5402,318,2630,288,873,134,1903,162,4993,314,9257,269,9423,206,11293,175,9581,227,5783,132,5212,185
05000US19165,"Shelby County, IA",11858,90,1343,292,588,168,54,28,1,2,51,32,122,71,0,16,32,37,59,40,20,25,52,33,88,53,63,33,30,26,16,11,755,170,34,22,0,16,114,66,17,20,10,14,0,16,86,60,81,38,67,53,83,63,76,41,58,30,129,59,10515,306,5163,175,260,31,59,34,409,66,189,60,47,22,153,37,305,42,502,35,595,38,882,55,739,39,507,27,516,30,5352,186,265,22,116,53,380,76,206,60,89,29,194,29,267,58,427,39,605,52,891,86,731,41,548,47,633,82
05000US19167,"Sioux County, IA",31143,352,2332,416,1036,241,71,54,35,32,96,48,34,38,20,21,59,51,257,112,169,88,68,40,75,45,62,33,39,36,51,29,1296,237,51,33,15,16,198,80,13,16,19,25,44,29,225,84,133,58,76,45,133,72,65,32,78,47,246,88,28811,496,14592,343,1218,66,188,58,1347,104,713,111,198,71,517,91,1135,253,1966,123,1616,80,2094,71,1722,45,977,42,901,57,14219,346,1220,40,162,74,1476,135,495,106,244,64,382,63,1043,289,1759,90,1598,63,1951,85,1625,33,1086,48,1178,102
05000US19169,"Story County, IA",81424,546,16366,930,8304,630,420,144,35,28,280,139,116,73,27,29,46,33,5677,523,882,193,232,121,251,98,190,84,58,53,90,53,8062,534,270,117,53,45,299,102,47,52,15,23,145,59,5417,395,763,143,378,140,199,90,153,68,109,56,214,71,65058,928,33184,632,2027,109,377,100,2321,223,1037,164,441,119,698,116,4685,471,5820,211,4101,140,4224,143,3847,95,2005,83,1601,63,31874,588,1884,157,373,103,2410,225,1108,180,520,115,596,148,3477,415,4970,213,3565,123,4517,160,3956,114,2302,95,2196,117
05000US19171,"Tama County, IA",17237,120,2073,302,933,156,167,66,27,21,142,59,57,29,25,20,19,12,124,66,51,27,79,37,108,37,77,33,8,8,49,19,1140,182,97,48,63,32,146,69,32,23,21,18,56,48,114,45,192,67,153,56,67,29,64,31,57,30,78,31,15164,324,7613,173,349,52,92,35,631,93,331,77,132,42,264,54,518,60,753,61,985,62,1196,54,1068,32,734,24,560,40,7551,190,447,50,107,43,529,70,320,83,75,35,214,51,470,51,685,71,939,54,1220,53,1042,48,727,31,776,82
05000US19173,"Taylor County, IA",6153,58,923,159,414,80,27,21,0,14,83,42,37,20,10,10,9,8,49,26,41,24,49,30,35,21,42,22,13,11,19,12,509,97,54,26,10,13,57,26,14,11,0,14,11,12,47,25,60,29,45,23,72,31,38,19,23,12,78,23,5230,154,2626,86,151,17,28,15,196,30,97,28,27,12,76,16,125,26,304,27,314,25,396,22,405,24,272,14,235,29,2604,93,115,23,11,7,200,34,132,35,31,14,87,15,114,26,281,27,272,16,401,33,376,21,274,25,310,34
05000US19175,"Union County, IA",12236,62,2075,408,902,219,93,50,6,12,121,96,50,48,23,24,62,38,143,92,104,61,120,80,91,56,18,21,21,18,50,25,1173,237,96,72,33,29,126,63,35,35,35,38,34,37,139,59,189,104,153,85,93,64,63,45,67,32,110,50,10161,408,5031,222,340,50,41,34,316,83,272,76,69,31,104,40,385,85,544,62,529,82,803,75,782,32,497,19,349,33,5130,239,281,76,52,41,371,80,181,73,36,28,118,68,342,68,552,68,548,85,823,42,780,47,504,33,542,60
05000US19177,"Van Buren County, IA",7439,35,1293,292,617,162,57,35,5,8,87,49,75,83,12,16,2,3,22,20,81,44,72,47,55,29,50,26,75,39,24,17,676,151,76,35,29,22,69,48,43,27,0,14,7,12,44,26,98,43,104,49,29,19,27,12,63,38,87,25,6146,298,3147,163,190,35,24,18,198,59,109,35,59,24,98,26,229,32,328,44,353,48,488,27,495,27,314,37,262,25,2999,159,149,36,40,24,157,45,105,44,57,26,82,26,201,28,288,46,304,50,519,22,505,33,335,37,257,37
05000US19179,"Wapello County, IA",34511,249,6151,659,2795,402,375,116,44,32,326,111,154,93,82,42,154,63,312,99,340,119,271,97,427,124,109,60,162,81,39,28,3356,348,273,98,15,19,278,103,124,74,47,44,93,51,363,106,579,114,358,99,470,114,320,84,178,63,258,85,28360,750,14093,442,818,113,121,52,1077,122,510,109,136,62,292,72,1226,153,1798,120,1835,117,2031,123,2116,73,1121,82,1012,39,14267,394,811,95,151,76,857,146,596,117,236,78,323,69,1209,136,1483,119,1736,114,2106,113,2022,96,1366,79,1371,115
05000US19181,"Warren County, IA",44514,240,3255,536,1472,286,250,109,62,46,141,102,35,20,29,26,49,38,334,115,122,75,84,53,170,101,100,54,67,41,29,21,1783,369,286,130,60,53,220,108,46,34,41,31,51,35,320,146,177,76,210,68,126,62,105,51,80,43,61,38,41259,604,20476,301,1320,100,277,107,1861,172,1115,165,360,100,587,104,1363,157,2384,97,2920,86,3133,117,2666,52,1473,48,1017,50,20783,445,1140,122,334,106,1749,163,898,121,346,78,607,80,1272,205,2276,80,2932,73,3451,90,2669,70,1632,63,1477,78
05000US19183,"Washington County, IA",21344,125,2354,425,988,218,150,59,20,29,38,26,46,31,21,23,92,70,56,46,96,55,162,84,137,77,74,39,49,40,47,25,1366,273,137,64,0,18,156,68,76,51,18,20,165,82,168,59,107,50,118,65,127,52,101,49,72,37,121,77,18990,445,9490,233,528,71,118,51,942,110,401,80,99,43,255,65,675,55,1105,59,1126,83,1470,84,1348,58,777,58,646,38,9500,292,510,76,219,90,668,115,360,97,107,49,198,65,537,87,1030,73,1208,81,1474,68,1362,63,827,42,1000,102
05000US19185,"Wayne County, IA",6239,79,924,204,412,92,24,12,28,28,34,19,9,10,12,18,5,8,45,24,40,24,69,36,51,29,47,27,29,19,19,13,512,129,25,20,14,11,85,54,31,27,26,26,4,5,39,23,61,24,37,20,56,26,17,11,19,11,98,29,5315,223,2586,108,167,16,8,8,214,31,79,28,39,19,70,21,185,27,257,28,229,39,447,30,369,28,285,21,237,33,2729,143,189,17,54,26,139,53,92,35,57,34,72,25,205,29,220,25,260,21,416,27,368,9,346,22,311,49
05000US19187,"Webster County, IA",35751,386,5203,652,2257,392,263,83,23,22,254,107,91,61,51,41,113,65,540,188,355,134,175,65,180,81,140,62,38,27,34,26,2946,380,382,94,29,22,247,107,155,95,37,45,30,23,616,150,476,134,286,80,253,98,135,50,114,74,186,73,30548,676,15595,388,784,70,102,56,1122,155,641,146,256,75,426,82,1306,226,2012,168,1761,109,2504,97,2236,88,1322,27,1123,75,14953,456,709,118,91,49,879,142,656,134,213,73,490,85,854,148,1477,135,1657,85,2497,117,2305,60,1479,87,1646,127
05000US19189,"Winnebago County, IA",10334,73,1047,196,422,129,47,31,1,3,68,46,31,27,15,16,4,6,52,43,74,54,36,25,33,25,13,10,40,32,8,9,625,106,67,45,0,16,46,39,1,3,2,4,16,21,143,65,68,31,50,31,29,19,50,29,62,36,91,39,9287,211,4665,136,228,35,77,39,311,76,165,56,53,29,153,32,323,54,484,39,577,43,762,20,749,28,410,45,373,37,4622,137,213,25,19,21,455,57,113,41,73,34,147,54,225,75,396,49,513,39,813,50,668,29,431,36,556,62
05000US19191,"Winneshiek County, IA",18565,283,1586,305,843,187,106,52,9,12,107,59,17,19,0,18,14,16,228,98,38,30,107,56,52,31,44,27,66,38,55,28,743,174,36,27,6,10,32,26,32,39,5,6,2,3,133,65,110,52,104,58,40,32,57,37,49,31,137,59,16979,361,8651,209,424,54,90,37,609,81,403,99,118,42,281,39,575,137,928,41,1002,47,1534,24,1293,49,736,39,658,34,8328,237,493,40,74,41,702,70,285,54,122,41,262,45,307,129,811,54,968,59,1471,51,1232,40,817,46,784,97
05000US19193,"Woodbury County, IA",98804,422,15059,1158,6774,699,1255,237,189,109,799,177,359,127,60,48,316,128,1099,267,662,179,646,184,540,161,566,137,124,53,159,52,8285,722,1219,220,161,98,762,208,390,163,189,104,229,102,1433,249,1093,225,799,172,761,145,540,138,207,71,502,110,83745,1256,41851,762,2612,243,351,115,3660,296,1923,251,514,108,1290,145,3519,278,5823,203,5446,209,6396,206,5253,163,2965,68,2099,84,41894,771,2527,214,739,196,3315,280,1600,240,619,136,1204,172,3030,288,5300,254,5376,196,6140,188,5450,152,3312,95,3282,171
05000US19195,"Worth County, IA",7420,58,938,253,387,110,64,23,16,17,57,35,0,14,6,8,16,19,41,28,63,35,10,10,57,36,25,15,12,9,20,13,551,187,69,44,0,14,36,32,57,37,20,24,1,3,68,47,89,43,54,41,76,45,38,22,21,12,22,17,6482,284,3300,129,121,27,12,16,208,46,130,33,39,31,115,27,207,28,369,45,444,19,573,37,513,17,341,10,228,29,3182,195,151,48,42,19,217,46,118,35,46,33,130,29,167,52,278,44,381,41,482,45,478,24,318,13,374,44
05000US19197,"Wright County, IA",12964,89,1382,272,630,171,72,67,20,30,37,26,18,23,0,16,51,37,98,82,60,38,96,46,56,45,61,44,29,20,32,26,752,157,27,33,21,30,32,25,20,25,16,23,21,25,149,78,38,30,66,39,93,51,59,28,65,44,145,52,11582,290,5808,168,327,47,88,57,418,73,197,55,106,50,125,55,381,41,605,69,694,38,882,53,918,65,519,21,548,45,5774,207,391,47,78,48,549,76,149,51,89,44,152,54,282,81,605,67,598,60,875,62,772,28,557,44,677,68
